Age,Gender,Education,Married_Status,City_0,City_1,City_2,Province_0,Province_1,Province_2,AgeRange,Salary,FICO,Appcount,Phonegrade,PaymentStatus
24,1,1,1,0,0,1,0,0,1,1,45706.38646019137,686,2,4.757034555068163,0
37,1,2,1,0,1,0,0,1,0,2,70425.59810027629,767,11,7.576111103755512,0
32,0,3,0,0,1,1,0,1,1,3,66433.57082753,714,19,5.696760657989609,0
28,1,4,1,1,0,0,1,0,0,3,63361.1961193364,368,15,1.66758576034881,0
25,0,2,1,1,0,1,0,1,0,1,40097.03036293241,771,13,2.7281462587115395,0
38,1,2,1,0,0,1,0,0,1,2,56369.936757286654,403,15,8.559984009195485,0
24,0,1,0,0,1,1,0,1,0,1,25000.0,460,48,7.524214719619955,0
43,0,4,0,1,0,1,1,0,1,2,63569.53327770779,499,42,9.052857883112456,1
36,1,1,1,1,0,1,0,1,0,2,88577.15415627134,515,48,2.058015242088429,0
40,0,4,0,0,0,1,0,1,1,2,30517.35735915789,511,50,9.912002811535665,0
28,0,2,0,0,1,1,1,0,0,3,48281.44653364489,807,32,2.884660425549402,1
28,0,2,1,1,0,1,1,0,0,3,66582.13557420259,315,29,1.1060188865797782,0
41,0,2,1,1,0,1,0,1,1,2,85056.85268854967,797,11,9.976806451481988,0
38,0,1,1,0,1,1,1,0,1,2,51035.50767399701,631,14,3.529664969006018,0
21,0,1,0,0,1,0,0,1,1,1,46154.99341468208,850,17,7.012175072613039,0
25,1,1,1,1,0,1,0,1,0,1,25000.0,555,27,2.5901408275867466,0
41,0,1,0,1,0,0,0,1,1,2,62068.76258616213,471,22,6.222056789792275,0
20,0,3,0,0,1,1,0,1,1,1,100841.52080287487,797,13,9.136314878091031,0
39,1,1,1,1,0,1,1,0,1,2,65547.16923929352,770,29,3.8816305068559473,0
38,1,1,0,0,0,1,0,1,0,2,59554.42041632573,683,32,7.032285784399233,0
19,1,4,1,1,0,0,0,0,1,1,66441.64621533972,806,44,2.6911322991857487,1
41,1,3,1,1,0,1,0,0,1,2,59778.15992102796,826,14,6.623158588468527,0
29,1,4,0,1,0,0,1,0,0,3,43739.7125547974,624,6,4.028053166357592,1
23,1,4,0,1,0,0,0,1,1,1,76465.5983135541,513,14,2.900874327291565,0
19,1,1,1,0,1,0,1,0,0,1,64515.230462235086,507,41,3.818638456332717,1
45,0,1,0,1,0,0,1,0,1,2,60352.26503867315,468,45,2.609569616570194,1
38,0,3,0,0,1,0,0,0,1,2,40492.679454435,629,37,9.117244970540945,0
18,1,2,1,0,1,1,0,1,1,4,86070.15863869518,579,45,4.574681976854159,0
29,0,1,0,0,1,0,1,0,1,3,73294.0549066622,604,43,3.2075137447693063,0
43,0,3,1,0,0,1,1,0,1,2,48941.58325265396,445,10,5.035670569143396,0
39,0,1,1,1,0,1,0,1,1,2,80036.49707363875,815,28,3.88482550125846,0
29,1,1,1,0,1,1,1,0,1,3,50048.58323229586,389,30,7.699773284319933,0
42,1,2,0,0,1,1,0,1,1,2,44359.93014977926,752,24,9.740979206969447,0
34,0,2,0,0,0,1,0,1,1,3,44805.93765039426,359,23,4.942302910278821,1
44,1,2,1,0,1,0,0,1,0,2,25000.0,610,18,8.749300599750164,0
44,0,1,1,1,0,1,1,0,0,2,69430.84760836411,827,1,6.092767662036575,0
27,0,3,0,0,1,0,1,0,1,3,25000.0,526,21,2.4151209858481013,1
45,0,1,1,1,0,0,1,0,1,2,35431.12337468474,773,19,7.215604678732074,0
45,0,1,0,0,1,0,0,1,0,2,25000.0,840,32,5.620910474132381,1
33,1,3,0,0,1,1,0,1,0,3,58278.60614418214,378,7,6.855458709268931,0
32,1,4,1,1,0,1,0,1,0,3,56993.59079456256,732,24,9.007186713144984,0
32,1,3,0,0,1,0,0,0,1,3,53466.07573627272,452,45,4.963911135904414,0
36,0,3,1,1,0,1,0,0,1,2,39148.44610658848,700,8,9.1105986089562,0
29,1,2,0,1,0,1,0,0,1,3,36555.3249312672,578,33,7.756021128534894,1
40,0,2,0,1,0,0,0,1,1,2,69287.39727093148,356,22,5.397444332901863,1
37,1,1,0,1,0,0,1,0,1,2,48988.96136583025,485,4,6.428999220921673,0
42,0,2,1,0,1,1,1,0,0,2,66327.1664307229,697,24,3.930230192671103,0
20,0,1,0,0,0,1,0,1,1,1,42295.02627751555,457,7,9.852375697648968,0
22,0,1,1,1,0,1,1,0,1,1,63621.25485542165,658,15,7.006160467453564,0
36,1,3,1,0,0,1,1,0,1,2,86065.56074632128,739,47,1.3946216724696692,0
24,1,2,1,0,1,1,0,1,0,1,71723.31600785567,765,44,3.939597151732079,0
38,1,1,1,1,0,1,0,1,0,2,51751.7236356704,745,14,6.609829903831518,0
26,1,1,1,1,0,1,0,1,1,3,65143.97940711855,787,0,1.5069995001931582,0
24,0,2,0,0,0,1,0,1,0,1,55186.69650939574,829,21,1.214957721872285,0
35,1,1,0,0,1,0,1,0,1,3,60157.60369389456,372,2,5.050218155750224,0
21,1,3,1,1,0,0,0,1,0,1,53487.77895702993,316,37,3.99421161723403,0
42,0,2,0,0,1,0,0,0,1,2,56713.29588229218,830,13,4.944687472298493,0
45,0,2,1,0,0,1,0,1,0,2,64241.86706148351,625,35,3.3642397889200466,0
31,0,2,0,1,0,0,1,0,1,3,40132.826008360986,845,17,2.482459722486828,0
35,1,3,0,0,1,0,0,1,1,3,39682.42346020043,501,46,7.202290212823039,1
43,0,1,1,1,0,0,1,0,0,2,32229.14892337578,643,40,5.631140046410205,0
26,0,2,0,1,0,1,0,1,0,3,27994.577909925803,822,17,2.801387901244301,0
43,0,2,1,0,1,0,1,0,1,2,35654.346155590414,699,2,3.876304836339985,0
38,1,1,1,1,0,0,1,0,0,2,63189.250136082585,517,9,6.326271168969933,0
19,0,3,0,1,0,0,1,0,0,1,42144.24969016232,744,48,1.6500641344523006,1
37,1,3,1,1,0,0,0,0,1,2,70272.28928462192,521,38,2.327077083395616,0
45,1,2,1,0,1,0,1,0,0,2,60694.27497505124,682,46,1.659210436966511,0
32,0,3,1,0,1,1,1,0,1,3,25000.0,306,0,8.310855994427069,1
45,0,3,0,0,1,0,1,0,1,2,73099.51168443379,571,26,7.771683098908083,0
24,1,3,1,0,0,1,0,1,0,1,76215.9729118342,315,26,7.779816386913314,0
29,0,3,1,0,1,0,0,1,0,3,40122.74650330293,723,10,7.446928091284253,0
25,0,2,0,1,0,0,0,1,0,1,68403.83085789983,823,48,7.024468813028823,0
32,1,2,0,1,0,1,1,0,0,3,42870.03525181602,320,4,5.292927238403575,0
20,1,2,1,0,1,0,1,0,0,1,61953.40753496671,527,6,6.780503471564034,0
31,0,3,1,0,1,0,0,0,1,3,34710.031860900686,587,18,1.345253993091772,1
34,1,1,1,1,0,0,0,1,0,3,25000.0,433,28,6.593179803911061,0
21,0,3,1,1,0,1,0,1,1,1,52343.65620774063,582,14,8.000899349831894,0
35,0,3,1,1,0,1,0,0,1,3,57525.42107450328,703,34,5.503225243459512,0
25,0,1,0,0,0,1,0,1,1,1,52046.40612770792,365,46,4.217619955845132,1
21,1,3,0,0,1,0,1,0,0,1,36319.388835548816,736,36,3.4968406132088123,0
19,0,1,0,1,0,1,0,0,1,1,52002.01875737726,558,11,6.785218451458742,1
23,0,1,1,1,0,1,0,0,1,1,65385.89505161468,402,29,7.235210787669178,0
39,0,3,0,0,1,1,1,0,1,2,59102.13939754926,400,19,8.838708398762883,0
27,1,1,1,0,1,1,1,0,0,3,63650.02061198427,497,36,4.081006742148917,0
21,1,3,0,1,0,1,1,0,0,1,46597.69599091535,525,2,7.927950766470269,0
39,1,3,0,0,0,1,0,0,1,2,83434.35829432319,762,8,6.052202417704041,0
35,1,2,1,1,0,1,1,0,0,3,36476.53326890439,536,40,8.94552841610271,1
43,1,1,0,1,0,0,0,0,1,2,69751.20594173437,325,38,5.750308974660586,0
29,0,1,1,0,1,0,1,0,1,3,83637.82185919923,420,25,5.658668455581705,1
19,1,2,0,0,0,1,0,0,1,1,69618.16185497791,805,1,6.200893732968182,0
27,1,4,1,1,0,0,1,0,0,3,55949.5154587034,481,22,7.74383819628191,1
21,1,2,1,0,0,1,1,0,0,1,49434.05906674042,842,22,9.682214309456148,0
31,0,1,0,1,0,0,0,0,1,3,80721.75302092513,614,20,1.6620701879418909,0
33,1,2,1,0,1,0,0,0,1,3,31540.50149476654,572,15,1.4809114215191546,0
32,1,2,0,0,1,0,0,0,1,3,40597.51479240713,531,8,9.437953036666046,0
25,0,3,1,0,1,1,0,1,0,1,52048.84469016557,719,12,5.768880629663855,0
31,1,1,0,1,0,0,1,0,0,3,84753.07515023997,741,27,6.534127131102425,0
40,0,3,0,0,1,1,1,0,0,2,67595.35272081791,795,26,5.341812414352559,0
45,0,2,1,1,0,0,0,1,0,2,40639.08482979509,323,50,1.8429170734672704,1
42,0,4,1,0,1,1,0,0,1,2,53793.84589230193,408,16,7.912804405767999,1
25,0,1,1,0,1,0,1,0,1,1,47713.53711807411,801,37,7.725021805797282,0
38,0,2,1,0,0,1,0,0,1,2,45804.2201553293,324,35,3.805329893435308,0
33,1,4,1,0,1,1,0,0,1,3,79577.79117113558,486,0,3.756153207055604,0
30,0,1,0,1,0,0,0,1,0,3,32565.13741472989,587,17,8.540572428149666,1
35,0,4,0,1,0,0,1,0,0,3,92175.61711468748,637,50,1.6512153196719397,0
32,1,2,0,0,1,0,0,0,1,3,76564.59380369246,336,8,8.929946335209092,1
38,0,1,0,1,0,0,1,0,0,2,81817.23341207395,436,12,3.30995520906323,0
41,1,1,0,1,0,1,0,1,1,2,50741.20975949484,807,39,6.336862729799446,0
43,1,3,0,0,0,1,1,0,0,2,57001.18561841781,526,44,9.423947611016,0
42,1,1,1,0,1,1,1,0,1,2,31336.96370950576,619,14,7.103102513829818,0
45,0,2,0,0,0,1,1,0,1,2,49506.75185866394,481,42,4.72986831220333,1
45,0,1,0,0,1,0,0,0,1,2,69873.09695286302,385,43,7.205807880148736,1
45,0,2,1,0,1,1,1,0,0,2,85921.26123562793,766,45,4.095816726847332,0
30,1,1,1,0,1,1,0,0,1,3,37856.86366395096,352,3,3.495325747142675,1
26,0,3,1,1,0,1,0,1,0,3,52689.881260294685,534,32,9.970149501412116,1
32,0,4,1,0,1,0,1,0,1,3,56974.01559534956,732,23,7.757112080618089,0
30,0,4,0,1,0,0,0,0,1,3,32084.215956150296,795,35,6.802479796436359,0
18,1,3,1,1,0,1,0,1,0,4,71826.98483516801,399,50,4.197606788973869,0
42,1,1,1,1,0,1,0,0,1,2,45520.19336514782,702,40,1.4424474623954335,0
24,0,3,0,0,0,1,1,0,0,1,56092.19297645952,695,9,1.2795118843164004,0
26,0,1,1,0,0,1,1,0,0,3,50961.01256176244,826,35,5.987631299039189,0
41,0,1,1,0,0,1,1,0,0,2,44213.22988560652,714,19,7.85829448935146,0
18,0,1,1,1,0,1,1,0,0,4,59859.10029038891,762,40,5.836412713994696,0
29,1,2,0,1,0,0,0,1,1,3,55687.80842863955,840,44,8.567065647452031,0
25,1,3,0,0,1,1,0,1,0,1,52562.84235442669,663,43,1.3008387978389946,1
41,1,2,1,0,0,1,0,1,0,2,45430.76756639314,429,10,4.300768687833461,0
28,1,2,0,1,0,0,1,0,0,3,66390.4934156591,383,11,3.1336335205676025,0
36,0,1,1,0,1,0,0,1,1,2,93072.3453698457,570,17,5.025456713414099,0
34,0,4,0,0,0,1,1,0,0,3,62797.74465678255,543,29,1.6513875387471022,0
25,0,2,0,0,1,1,0,1,1,1,79922.36429822259,687,43,9.587184774139653,0
20,1,2,0,0,1,0,1,0,0,1,32195.561496930743,513,47,3.009298609624248,0
20,0,1,1,0,1,0,1,0,1,1,63155.22878587539,465,36,9.300769979352262,0
18,1,3,0,0,1,1,1,0,1,4,38052.633620578665,358,19,4.833038395330136,0
44,1,2,0,0,0,1,0,0,1,2,30461.50144936197,803,24,9.869717199296964,0
22,0,1,1,1,0,1,1,0,0,1,45212.57185081927,422,11,5.986525451141897,0
27,0,1,0,0,1,1,0,1,0,3,83837.98668827146,712,20,9.377495777582268,1
24,0,2,1,0,1,1,0,0,1,1,79000.31657339292,438,24,1.0481408982480056,0
43,1,2,0,0,1,1,1,0,1,2,64860.094441088,528,10,7.734149255628101,0
26,0,1,1,0,1,0,1,0,0,3,29345.988802201384,573,8,9.12745587792264,0
45,1,4,0,1,0,0,0,0,1,2,56074.386972241264,738,49,2.2574851028105867,0
24,0,1,1,1,0,1,1,0,0,1,66034.00017803471,417,24,1.8651326655893636,0
26,1,2,1,0,0,1,1,0,1,3,63510.72459157196,782,34,4.8211534646736,0
25,1,4,1,0,0,1,0,0,1,1,25000.0,694,31,9.403110155196416,0
29,0,2,1,1,0,0,1,0,1,3,42193.64303960257,759,48,5.881479041713948,0
19,1,2,1,0,1,1,0,1,1,1,58718.44471702567,377,13,5.747108173495589,0
18,1,1,1,1,0,1,1,0,1,4,70725.8181903438,711,0,2.2701350646938967,0
33,0,1,1,0,0,1,1,0,0,3,25000.0,374,16,1.007105599838969,0
40,1,4,1,0,0,1,0,1,0,2,56757.52049040283,594,24,8.291260816709151,0
40,0,2,1,0,1,1,1,0,1,2,62860.975397579045,320,7,1.788171066876144,0
41,1,3,0,1,0,0,0,1,0,2,76992.23977032426,470,4,6.704648368617916,0
22,0,1,1,1,0,1,0,1,1,1,73857.15168474874,314,4,9.231548090636725,0
20,0,1,0,1,0,0,0,0,1,1,71651.4263761761,510,40,2.87786721842588,0
29,1,1,0,1,0,0,0,0,1,3,44001.189865961314,385,34,6.987455526132197,0
25,1,2,0,1,0,1,0,1,0,1,25000.0,448,18,1.7082871903675851,0
39,1,1,1,1,0,1,0,0,1,2,52138.94485877198,671,22,6.433796294538517,0
44,1,3,0,0,0,1,1,0,1,2,80032.6365041712,779,8,2.4753854885788247,1
20,1,2,1,0,0,1,0,1,0,1,87869.09055048863,450,29,7.623582044636602,1
18,0,4,1,1,0,1,1,0,0,4,74210.98204595571,440,49,3.7110816531451736,0
20,1,1,1,0,1,0,1,0,1,1,68586.81645603469,368,15,5.170519079241816,0
22,0,3,0,0,0,1,1,0,1,1,67592.79296771932,559,32,6.394874878248595,0
32,0,3,1,0,1,0,1,0,1,3,48877.62506478439,820,1,2.541460695996156,0
31,1,3,1,1,0,1,1,0,0,3,57398.7941289276,670,13,7.674740367558588,0
20,0,3,0,0,0,1,0,1,1,1,93381.39051652662,718,45,3.723763065731331,1
18,0,3,0,1,0,0,0,0,1,4,41148.83988416247,400,0,6.961346739214782,1
22,0,2,1,1,0,1,0,1,0,1,92295.57581419704,542,25,2.4245474562943627,0
43,0,1,1,0,1,1,0,1,1,2,53559.43691015883,811,24,7.193058932857152,0
40,1,1,0,0,1,0,0,1,0,2,86508.64218190157,394,15,2.153692655294156,0
31,0,4,1,1,0,1,0,0,1,3,31863.699810049235,525,14,4.828208466429853,1
24,1,2,1,1,0,1,1,0,0,1,71718.08402329298,817,25,3.224854663649891,0
44,1,3,1,0,0,1,1,0,1,2,45264.597281047565,513,46,7.735377244853643,0
26,0,2,0,0,0,1,1,0,1,3,31694.65616151625,366,43,3.358315040561871,1
32,1,1,0,0,0,1,1,0,0,3,64370.68084821892,695,15,8.935455757558566,0
32,1,1,0,0,1,1,0,1,1,3,80189.43577191938,311,13,9.026381902659516,0
43,1,2,0,0,0,1,0,1,1,2,43101.17122813007,536,28,2.7679718370050725,1
27,0,2,1,1,0,1,0,1,0,3,30019.68079083197,698,23,6.524613505069518,0
45,1,1,1,0,0,1,1,0,0,2,58163.1047133009,706,46,1.789458775479679,0
30,1,2,1,1,0,0,0,1,1,3,58251.29342445638,779,14,4.523833896414663,0
36,1,1,1,0,0,1,1,0,0,2,70966.39255108997,521,18,7.41989556551145,0
24,0,2,1,0,1,1,0,0,1,1,78991.89142728977,455,7,6.934809221649246,0
34,1,1,0,1,0,0,1,0,1,3,58811.69637455012,727,33,6.622306024659472,1
37,0,3,0,1,0,1,1,0,1,2,97110.06629588526,457,1,3.5428677729619924,1
21,0,1,0,1,0,1,1,0,1,1,64484.69489070583,715,26,4.402224544909618,1
22,0,2,1,0,1,0,1,0,0,1,53071.46987986201,625,9,1.926515302302576,0
40,0,1,0,1,0,0,1,0,0,2,27768.652817943443,670,34,7.471205383902409,0
24,0,1,0,0,1,0,0,1,0,1,54746.80959367665,643,22,5.534999171121462,0
30,0,1,1,1,0,0,1,0,1,3,53272.26109177728,561,48,7.378890691110891,0
32,1,2,0,1,0,0,0,1,0,3,79206.0959256294,582,7,3.240491723171855,0
28,0,2,1,0,1,1,1,0,1,3,69249.67248133708,528,27,3.919944057715596,0
21,1,1,1,0,1,0,0,1,0,1,36412.61756734765,579,22,4.007938035341032,0
30,1,2,1,0,1,1,0,1,0,3,63445.08772822075,589,3,1.231681687724946,1
24,0,3,1,1,0,0,0,0,1,1,73430.62343458107,346,13,4.069430855475612,0
44,1,3,1,1,0,1,0,1,0,2,90560.62718775665,513,41,8.229741161662302,0
36,1,1,0,1,0,0,1,0,0,2,77750.07934828119,323,28,9.075686461747647,1
39,1,2,0,0,1,1,0,1,0,2,75216.93308622956,620,0,5.663964840723347,0
45,1,1,0,0,1,0,1,0,1,2,61201.71989230327,573,3,5.099515256972982,0
19,0,1,0,0,1,0,0,1,0,1,67766.24010846899,612,31,1.2774215682943324,0
27,1,4,1,0,1,1,0,1,1,3,84990.09801412317,662,32,8.912839038268444,0
30,0,1,0,0,1,0,1,0,1,3,33344.45205040701,679,48,1.1170919208328545,0
42,1,2,1,0,0,1,0,1,1,2,53011.21345566088,769,25,9.502750721891909,0
38,1,2,1,1,0,1,1,0,1,2,44548.62502487519,415,16,5.402946238192816,0
23,0,3,1,1,0,1,1,0,0,1,67583.06237452249,341,38,4.077410442172539,0
45,1,2,1,1,0,1,1,0,0,2,84604.44351301575,678,22,9.31796591358394,0
45,1,1,1,0,1,0,1,0,0,2,48060.51426557853,505,31,1.2195189379908706,1
29,1,1,1,0,1,0,0,1,1,3,25000.0,765,14,6.232824053821784,0
29,0,2,1,1,0,0,0,0,1,3,51755.5850995106,579,12,5.940392720494039,0
37,1,1,0,1,0,0,1,0,1,2,78269.47464034813,417,1,2.9738836109024387,0
28,0,1,1,1,0,1,1,0,0,3,70752.5980589976,536,18,4.859986882151896,1
43,1,1,1,0,0,1,1,0,1,2,68563.72495621152,608,23,6.870376053493932,0
40,0,1,1,1,0,0,0,1,1,2,54400.13396251041,755,44,7.544180771937348,0
45,0,1,0,1,0,0,0,0,1,2,34419.38527560428,774,23,1.006451728359218,0
42,1,1,1,0,1,0,0,1,1,2,70305.88643248935,399,10,9.431680870819138,0
24,1,2,1,0,0,1,1,0,1,1,43314.36379930751,560,21,2.480728351535312,1
18,0,2,1,1,0,1,0,0,1,4,103681.93466760912,604,14,3.102223908001233,0
18,0,3,1,1,0,0,0,0,1,4,71410.14416709032,653,9,3.371261011244634,0
42,1,1,1,0,0,1,0,1,1,2,48387.03394892098,585,40,1.340381228968318,0
44,0,1,1,0,0,1,1,0,0,2,47772.29505222743,627,26,2.1074691123129243,1
42,1,1,1,1,0,1,1,0,1,2,58141.11586772824,402,8,9.877149306497458,1
37,1,2,1,0,0,1,0,1,0,2,55209.961559565,362,27,3.8369506363955743,1
30,1,3,1,0,0,1,0,1,0,3,82336.67551059909,581,0,2.037709813051444,0
26,1,1,0,0,0,1,0,1,1,3,63728.32339488093,740,16,1.9629213505716097,0
20,0,4,1,1,0,0,1,0,1,1,45367.36522182944,592,30,7.475139709029747,0
24,1,1,1,1,0,1,1,0,1,1,97808.81370311564,306,43,8.691117976293768,0
23,0,2,1,0,0,1,0,1,1,1,60986.166630404456,391,9,3.3125706955762286,0
25,1,3,0,0,0,1,1,0,1,1,75376.79351937794,489,36,1.1881856110171147,0
44,0,3,1,1,0,0,1,0,0,2,47835.46985110482,775,28,3.0078101660082024,1
26,1,3,1,1,0,1,0,1,1,3,67262.31255489046,810,17,1.508641217170816,0
22,0,3,0,0,1,0,1,0,0,1,66222.1998228639,761,46,1.9305544296703736,0
18,0,1,1,1,0,0,1,0,1,4,25000.0,352,37,4.883573078628782,0
36,1,3,1,1,0,1,0,1,1,2,100305.5022092128,785,38,3.069265337754693,0
27,1,1,1,0,0,1,1,0,1,3,85812.88921845095,789,48,5.643512906728811,0
29,1,3,0,1,0,1,0,1,1,3,52056.09367708025,663,5,3.281443779314713,0
41,1,2,1,1,0,1,1,0,1,2,37954.605190882896,411,39,9.464835709926527,1
32,0,3,0,1,0,1,1,0,0,3,66951.23227607104,708,11,9.15349571133638,0
44,1,2,0,0,1,0,1,0,0,2,61733.95398828793,306,13,6.101254945094194,1
39,0,2,1,1,0,1,1,0,1,2,67113.37897126458,496,43,4.189815927886476,1
41,0,2,1,0,1,0,0,1,1,2,63831.54792388179,666,9,4.43032193831262,0
26,1,3,1,0,0,1,0,1,0,3,70124.81978611852,549,19,4.7066705483004725,1
37,0,1,1,0,1,0,1,0,0,2,88946.11398783613,539,14,7.548213899214496,0
34,0,1,1,0,0,1,1,0,0,3,71362.06410257293,679,30,5.064750959669541,0
34,0,1,0,0,0,1,0,1,0,3,39006.89002180118,770,6,8.710569518553076,0
43,0,1,0,0,1,0,1,0,1,2,87251.25705424904,754,40,9.49685307337328,0
37,1,3,0,1,0,0,0,1,1,2,92812.29126976574,665,9,4.023515380410405,0
29,1,1,1,0,1,1,1,0,1,3,123041.1346902417,589,9,6.046250332381121,0
24,1,4,0,1,0,1,0,0,1,1,37530.119335208045,702,47,1.85550883149308,0
19,1,1,0,0,1,1,1,0,0,1,64857.6402630055,357,38,2.8042214298972308,0
20,0,1,0,1,0,1,0,0,1,1,25000.0,820,27,4.721191900391441,0
34,0,3,1,1,0,1,1,0,0,3,71062.98312758419,603,29,2.85582444311601,0
22,1,2,0,0,0,1,1,0,0,1,49035.99403666455,414,36,8.889044417098457,1
34,1,2,1,1,0,1,0,0,1,3,98468.91589649906,509,2,2.4245763045318824,0
41,1,2,1,1,0,1,0,0,1,2,44507.70059962836,340,49,5.100947393977828,0
34,0,3,1,0,1,0,1,0,1,3,26216.339240654765,472,42,6.451293164138881,0
44,1,1,0,0,1,1,0,0,1,2,50574.7251859496,533,14,7.226775173447599,1
34,1,4,0,0,1,0,1,0,1,3,25000.0,702,20,4.447624327538561,0
19,1,4,1,1,0,1,1,0,1,1,75021.9890901462,338,36,8.821891618522557,1
19,0,2,1,0,0,1,1,0,1,1,25000.0,418,11,6.11487235970133,1
45,0,1,1,0,1,0,1,0,0,2,60569.15162366318,634,3,4.955570024027966,0
39,0,2,1,0,1,0,1,0,0,2,25000.0,635,46,1.6051657064683296,1
40,0,1,1,1,0,0,0,0,1,2,53594.04390926716,838,8,5.182205216006485,0
22,0,1,1,1,0,1,1,0,0,1,92867.56311609068,373,38,8.386622567341572,1
18,0,1,0,0,0,1,0,0,1,4,67212.9578287159,490,41,6.530869163991839,0
18,0,2,1,0,1,0,1,0,0,4,42730.12790070132,623,27,8.489462083562065,0
36,0,3,1,0,1,0,0,1,1,2,59375.93022121832,446,22,5.44610503539375,0
19,1,3,1,0,0,1,0,1,1,1,60360.33744088893,583,44,2.066155345850337,0
38,1,3,0,1,0,1,0,0,1,2,69452.60691686811,512,39,1.1227586125229296,1
29,0,2,0,1,0,0,1,0,0,3,32662.83273438347,693,43,3.7289759204673207,1
43,0,1,0,0,1,0,1,0,0,2,71851.34547694662,638,21,7.281914243480132,0
23,1,1,1,1,0,0,1,0,1,1,25000.0,321,23,8.112339135475244,1
40,0,4,1,0,1,1,0,1,0,2,47402.30895272379,404,50,3.661775511582965,1
21,0,1,1,1,0,1,0,0,1,1,50234.52315096911,765,25,5.460885287949224,0
40,0,3,0,0,1,1,0,1,0,2,72666.53652142477,758,29,4.790070139906735,0
28,1,2,0,0,1,1,0,1,0,3,60452.61705353738,731,32,4.6947050591628505,0
41,1,2,0,0,1,1,0,0,1,2,31888.73892287427,520,15,3.0821384188013545,0
44,1,3,0,1,0,1,1,0,0,2,40300.137483659695,678,21,2.227339945265125,1
34,1,2,0,1,0,1,0,0,1,3,63973.600190948135,521,48,2.770197024080918,0
23,1,3,1,0,0,1,0,1,0,1,58418.65316270888,557,49,1.497991484470115,0
41,0,4,0,1,0,0,1,0,0,2,48417.51780728507,666,42,2.783176676412193,0
22,1,2,1,1,0,0,0,1,1,1,50383.32420976041,648,17,1.082808078628415,0
37,0,1,1,0,0,1,0,0,1,2,73923.35994318579,524,6,6.645325605723804,0
19,0,2,1,0,0,1,0,0,1,1,49646.14854261571,535,49,3.847378666489146,0
23,1,4,1,0,1,1,1,0,0,1,58238.17511941853,482,25,9.758302402842178,0
39,1,1,1,0,0,1,0,1,1,2,103398.73176161086,743,7,2.7434534569866806,0
28,0,2,1,0,1,0,0,1,1,3,31526.34726232154,305,5,4.112457132786345,0
33,0,2,1,1,0,0,1,0,0,3,25000.0,535,29,4.220570427773799,0
33,0,3,1,0,0,1,1,0,1,3,75671.79329597214,426,38,1.0760634645621447,0
18,1,1,1,0,1,0,0,0,1,4,46427.138774117935,403,22,8.55287157735513,0
26,1,3,1,0,1,0,0,0,1,3,53635.2494451476,779,31,1.2879501412989225,0
45,1,4,1,0,1,0,0,1,0,2,44376.87243737772,454,21,9.461618512563172,0
44,1,1,1,0,1,0,1,0,0,2,54803.99718464975,556,41,9.028669159842586,0
23,1,1,0,0,1,1,0,1,0,1,91970.76224192684,534,42,5.819697244773672,1
33,0,4,0,0,1,0,0,1,0,3,76042.56917236239,799,44,5.892360174201628,0
20,1,1,0,0,1,1,0,1,1,1,77244.47023773954,588,8,6.884001306605407,0
37,0,3,0,0,1,1,0,0,1,2,31675.45888414709,809,30,4.483450107413983,0
45,0,2,1,0,1,0,0,1,0,2,36976.92526894261,597,6,6.825000550580699,0
44,0,1,0,1,0,0,0,1,1,2,25000.0,436,8,1.4029154981963818,0
21,1,3,1,0,1,0,1,0,0,1,43812.38357834492,675,12,1.4864286461475391,0
36,1,2,1,0,1,0,0,1,0,2,79134.06372771316,386,2,5.115073776575899,0
43,1,2,0,0,1,0,0,0,1,2,70338.93031496742,718,34,5.946600709954314,0
20,0,1,1,1,0,0,0,1,0,1,55569.73474095752,498,32,8.990358763022371,0
36,0,2,0,1,0,1,1,0,0,2,59553.99432563894,762,20,1.9419457051710665,0
37,0,1,0,1,0,1,0,1,0,2,46222.28914849189,736,30,8.403831344745004,0
24,0,1,0,0,1,1,0,0,1,1,64095.177648035686,609,33,2.8904260356286264,0
37,0,4,0,0,1,1,0,1,1,2,75317.56558961229,580,31,4.546752836590287,0
26,0,1,1,1,0,0,0,0,1,3,27682.264251790544,622,34,3.849421913446716,0
18,1,2,1,0,0,1,0,1,1,4,65992.95375674697,451,14,4.601397455788591,0
25,1,1,1,1,0,1,1,0,1,1,78648.69741909334,601,31,2.35445948265327,0
24,1,3,1,0,1,1,0,0,1,1,51697.99422073261,577,5,5.532130669631995,0
35,1,1,0,1,0,1,0,0,1,3,74014.01224241167,307,44,8.214783308482305,1
25,0,4,0,1,0,0,1,0,0,1,116293.08888945106,534,20,4.973806093410072,0
18,0,2,0,1,0,0,0,1,0,4,57913.14414026216,601,32,5.415522183083792,0
28,1,1,1,0,0,1,0,1,1,3,67866.14100010647,337,31,8.638908267531828,0
45,0,1,1,0,0,1,0,1,1,2,45238.85832677217,435,18,7.354523031742278,0
42,1,1,1,1,0,0,1,0,0,2,63625.023252041006,720,32,5.414089676678063,0
42,1,2,1,0,1,1,1,0,0,2,69205.43249964608,518,27,3.319260833702617,1
35,1,1,0,1,0,1,0,1,0,3,63896.84680540276,647,30,8.9643407216047,0
40,0,3,1,0,1,0,0,1,0,2,39606.09360582287,845,20,6.193183615215025,1
27,1,2,1,0,0,1,0,0,1,3,64127.23542650901,378,33,2.9903284909962404,0
20,1,1,1,0,1,0,1,0,1,1,89243.91877435273,572,14,3.4220777737420933,0
24,1,2,0,0,1,1,0,1,0,1,68972.71529029055,460,13,8.228197800426212,0
45,0,3,0,0,0,1,1,0,0,2,79239.74378143682,607,18,1.3973100587870992,0
33,0,1,1,0,1,0,0,1,0,3,55259.760599747446,673,42,9.92882968325938,0
43,1,1,1,0,1,1,0,1,1,2,74998.00478847421,308,14,2.173165117433126,0
33,0,1,1,1,0,1,1,0,1,3,65585.35676433051,743,5,8.164616728572437,0
42,0,3,1,0,1,1,0,0,1,2,40981.78540625536,412,8,4.552977850945146,0
37,0,2,0,0,0,1,0,1,1,2,66370.42009597749,504,36,5.429945649587202,0
45,0,2,0,1,0,0,0,1,1,2,40166.06673119379,704,19,8.9258551971812,0
34,0,3,1,1,0,1,1,0,1,3,47342.39450230416,496,33,4.716200706302919,1
19,0,3,1,0,1,0,0,0,1,1,63786.56614584748,414,37,5.83744378305911,1
18,0,2,0,0,0,1,1,0,0,4,65944.88546760248,420,25,1.4436969616825297,0
33,0,3,1,1,0,0,0,0,1,3,36215.35069845742,364,17,1.0211272648070784,0
29,0,1,0,0,1,1,0,1,0,3,81079.71542365753,575,27,3.203198857015533,0
22,0,1,1,1,0,0,0,1,1,1,71440.12556600946,538,50,7.125247836268906,1
22,1,1,1,0,0,1,0,1,0,1,45905.431287782325,601,8,2.0913840402322306,0
44,1,1,1,0,0,1,1,0,0,2,29248.304071016493,691,31,2.0238576292409447,1
40,0,2,1,1,0,0,0,1,0,2,57101.90841837137,821,5,4.698645472323129,0
26,1,4,0,0,1,1,0,0,1,3,51081.12572277679,668,13,6.830533347474039,0
26,1,1,1,1,0,0,0,1,0,3,62262.80914106045,532,27,7.408647930231375,0
20,0,1,1,0,0,1,1,0,0,1,52737.66677688867,494,23,2.606056066885373,0
36,0,2,1,0,0,1,1,0,0,2,25000.0,311,12,1.716293326348382,0
33,0,4,1,0,1,0,1,0,0,3,52233.061233976834,476,42,9.4635733055099,1
33,1,1,1,0,1,0,0,0,1,3,53887.61777863374,516,11,3.3459974430589154,0
20,1,2,1,1,0,1,1,0,0,1,72673.22049548118,310,50,8.680118478478516,1
37,0,1,0,0,0,1,0,1,1,2,46036.006507779006,745,18,8.771423054165364,0
41,0,1,1,0,1,0,1,0,0,2,93573.49346745132,463,20,7.9527033258629,0
39,0,4,1,1,0,0,0,1,0,2,25000.0,850,26,2.519502459873131,0
41,1,4,0,0,1,1,0,1,0,2,86223.3499560525,352,18,8.396213133287803,0
18,1,1,1,1,0,0,0,1,0,4,55513.62058243791,517,23,7.92325503317428,0
41,1,4,0,0,1,1,0,0,1,2,77191.69744687113,659,25,6.370506910955954,0
37,1,2,1,0,1,0,0,1,0,2,61596.02968117466,684,44,4.034818316520575,0
28,0,3,0,1,0,1,0,0,1,3,82791.11072050939,355,27,3.3625774383988967,1
34,0,2,0,1,0,0,0,0,1,3,52252.76070894377,417,45,2.0970029087232307,0
25,0,2,0,1,0,0,1,0,0,1,38027.59149644376,552,17,5.587813602107842,0
21,0,2,0,1,0,0,0,1,1,1,88410.08574542127,479,43,6.267347879588619,0
23,1,2,1,0,1,1,1,0,0,1,57730.38708235718,714,35,4.234050914642085,0
25,1,1,0,0,1,0,1,0,0,1,64431.16947248421,534,41,5.2782316091278165,0
37,0,1,1,1,0,0,0,0,1,2,84695.03828089591,379,28,4.271630116323401,0
20,0,1,1,1,0,0,0,0,1,1,39360.89515811131,321,16,6.769054515886311,0
33,1,3,1,1,0,1,0,1,0,3,71909.81795278515,776,3,9.11133287016907,0
42,0,1,1,1,0,1,0,1,0,2,48202.10487074218,739,43,2.475282358422504,0
20,1,2,1,0,1,0,1,0,0,1,57356.61288711256,392,44,4.432679289128111,0
42,0,4,1,0,1,0,1,0,1,2,61445.57930768578,491,28,2.267817435557752,0
35,0,1,1,0,0,1,1,0,1,3,29995.56277106128,402,3,6.624493933670488,0
31,0,2,0,1,0,1,0,1,0,3,44423.259143591305,695,9,7.559834585397362,0
35,0,2,0,0,0,1,1,0,1,3,87021.45784826278,306,24,9.387214593377102,0
19,0,3,1,0,1,1,0,1,0,1,77723.82377169591,530,30,3.509847336348684,1
39,0,1,1,0,0,1,0,0,1,2,58747.2084534553,539,2,9.551900852788872,0
20,0,2,1,1,0,0,1,0,0,1,64862.46917025786,389,46,1.5693640463860732,0
33,1,3,1,0,0,1,0,1,1,3,54115.14988727085,531,1,6.427124770281294,0
26,1,4,1,0,1,0,1,0,0,3,87131.66771655963,756,24,1.5141944740899698,0
21,1,2,1,0,1,1,0,1,0,1,55992.94844411672,532,48,9.043967689857505,1
18,1,2,1,1,0,0,0,1,0,4,64636.84184269696,653,5,5.768281513630487,0
21,1,2,0,0,0,1,1,0,0,1,82920.6028828413,632,25,7.024135156865165,1
18,0,3,1,0,1,1,0,1,0,4,44452.57030308187,738,7,8.484165333194074,1
31,0,2,1,0,1,1,1,0,1,3,91175.78368993787,674,34,2.3527956023557186,0
38,1,1,1,1,0,0,1,0,1,2,29390.771805132463,591,26,1.3473240574432046,1
33,0,4,1,0,0,1,0,1,0,3,92592.84262225596,644,24,8.90993031321567,0
37,1,2,1,0,1,1,0,1,0,2,52546.48832096051,727,17,3.834399047130392,0
41,1,2,0,0,1,1,1,0,1,2,55146.02504349437,429,0,2.160810171344488,0
25,0,1,1,1,0,1,0,1,0,1,25000.0,440,47,5.216151133783779,0
24,0,2,1,0,1,1,0,1,0,1,50904.10565244615,714,38,6.38475468126417,0
20,0,1,0,1,0,1,1,0,0,1,39203.86937946231,392,2,1.278735430802591,0
34,1,2,0,0,0,1,0,1,1,3,47847.07309253055,583,3,3.4740609243137897,1
18,0,1,0,0,0,1,1,0,1,4,57253.78068422241,522,40,1.295198868492064,1
33,1,2,1,0,0,1,1,0,0,3,79155.8322894581,762,36,4.783018502759491,0
29,1,4,0,0,1,0,0,1,1,3,64152.06702801251,844,50,9.055900261596198,0
44,1,1,1,0,0,1,0,1,0,2,66153.53306802228,575,14,9.843871703442122,0
36,0,4,1,0,1,1,0,1,0,2,38089.61222308876,439,7,6.733427981532648,0
39,0,2,1,1,0,0,1,0,0,2,42384.9182079454,656,37,2.4547392440613263,0
40,1,3,1,1,0,1,0,1,0,2,95974.50036702624,322,49,9.152644509993753,0
39,0,3,1,0,1,0,0,0,1,2,45295.97930473507,569,18,5.646230408800545,0
31,0,2,1,0,0,1,1,0,0,3,93124.16504114593,632,46,2.383743808926263,0
23,0,3,0,0,0,1,0,1,1,1,55138.77602238267,384,25,9.295540025064952,1
23,1,3,0,1,0,0,1,0,0,1,60045.75872287008,330,38,7.8172214565079265,0
30,1,2,0,1,0,0,1,0,1,3,81407.3032045986,539,9,7.585347454508364,0
36,0,1,1,0,1,0,1,0,0,2,85437.84843877313,662,37,7.382626334149642,0
39,1,2,0,1,0,1,0,1,0,2,57783.74879441825,688,13,2.803058389867981,1
25,0,3,1,0,0,1,0,1,0,1,52235.13892956922,598,48,2.8990602253677347,0
44,0,3,0,0,1,0,0,0,1,2,58881.59102955574,670,40,7.194636985845295,0
44,0,3,1,0,1,1,0,0,1,2,66759.15056464236,398,18,2.977504750993572,0
19,0,2,0,0,1,1,0,0,1,1,77826.07373739511,346,29,4.948045271227439,1
38,1,3,1,0,1,0,0,1,1,2,60084.59717988303,721,4,8.038016430345472,0
18,1,1,0,0,0,1,0,0,1,4,72377.72596046307,779,30,8.055572662880568,0
45,1,2,0,0,1,0,0,1,1,2,92767.1946454188,361,6,5.079355952732737,0
32,0,1,1,0,0,1,0,0,1,3,67626.1922452957,408,18,8.129709444477205,0
18,0,1,1,1,0,0,0,1,1,4,66233.05712009556,848,30,8.547596165782512,0
22,0,1,0,0,1,0,1,0,0,1,29621.783498198645,418,38,6.892981761558342,0
45,1,1,1,0,0,1,1,0,0,2,25000.0,681,23,3.055832670775781,1
33,0,2,0,0,1,0,0,1,0,3,67767.51458460337,691,33,3.466106023469928,1
36,1,1,1,0,1,0,0,1,1,2,58103.51537438256,351,22,3.833570398678618,0
21,1,2,1,0,0,1,1,0,1,1,49704.34650170517,588,47,2.051236969605568,0
20,1,1,1,0,0,1,0,1,0,1,64870.604083726896,636,44,3.4584365833295063,0
34,1,1,1,1,0,1,1,0,0,3,58791.92541606184,503,39,2.8856730188127893,1
34,1,1,0,0,1,0,0,1,1,3,82555.60501267797,537,5,5.09795874827742,0
29,1,1,1,0,1,1,0,0,1,3,61722.21736517956,681,37,9.175937930850385,0
45,0,2,1,0,1,0,1,0,1,2,45061.53429859665,435,40,1.9403228507856227,1
31,0,2,1,0,1,0,1,0,0,3,79803.32477918579,706,35,7.48241131552656,0
38,1,2,1,0,0,1,0,1,0,2,55657.37850107595,807,26,7.185547039718149,0
23,1,2,0,0,1,0,0,1,1,1,70530.73367344614,661,10,1.861787787970219,0
20,0,1,0,0,1,0,1,0,1,1,50451.78587614399,680,4,9.3031516441522,0
45,1,3,1,0,1,1,0,1,1,2,47003.46229005127,553,16,6.116249819411376,1
26,1,2,0,0,0,1,0,0,1,3,61683.364603713926,776,6,4.273529690221158,0
22,0,2,0,0,1,0,0,1,0,1,60256.5728708737,413,26,7.80884725145776,1
41,1,1,1,1,0,0,0,1,1,2,69596.54070733667,319,46,3.3162891256147065,0
34,1,1,0,1,0,1,1,0,0,3,54627.08493380515,827,14,7.241588533416884,0
31,1,1,1,0,1,1,0,1,0,3,25000.0,444,45,1.357400868150225,0
38,0,1,1,0,1,0,1,0,0,2,51344.52232823223,507,12,8.554672338483448,0
20,0,2,0,1,0,0,0,1,1,1,75876.3693428763,830,10,5.033537623191866,0
45,0,2,1,0,1,0,0,1,0,2,54052.47841513787,675,44,6.730236229221475,0
18,1,2,0,0,1,0,1,0,0,4,55072.33194970904,803,25,2.991140378260153,0
37,1,3,0,0,0,1,0,0,1,2,79727.53011811874,465,21,7.093663413926032,0
38,0,3,1,0,0,1,0,0,1,2,45760.53545482155,849,27,7.950162483039489,1
40,1,3,0,0,0,1,0,1,1,2,29143.935635142007,480,23,5.258918681959589,0
18,1,4,1,1,0,0,0,1,0,4,56787.37760949011,743,28,6.559542316556149,1
20,1,1,1,0,1,0,1,0,1,1,50316.52097502526,631,8,5.106933314401587,0
35,1,1,0,1,0,1,0,1,0,3,40675.07360493492,802,41,9.04682232332061,0
42,1,1,0,0,1,1,0,0,1,2,56492.43088202619,378,3,5.480822624628873,0
27,0,2,1,0,0,1,1,0,0,3,69830.11294493567,695,48,8.576278381259371,0
39,1,3,1,0,0,1,1,0,1,2,59814.22876864368,402,45,8.212168524432236,0
43,0,1,0,0,1,0,0,1,1,2,66139.62145372476,701,17,4.694543392135209,0
20,1,4,0,0,1,0,1,0,1,1,96268.15397030846,523,42,3.0707604267172752,1
25,0,1,0,1,0,0,0,1,1,1,53142.42276884872,817,15,4.654739193037939,0
31,1,4,1,1,0,0,1,0,1,3,65566.9726928934,535,32,8.435956381976982,0
41,0,1,1,0,0,1,0,1,1,2,49815.73274801731,726,28,3.048692822374531,0
35,1,1,1,0,1,0,0,1,1,3,43072.80560226055,415,38,5.719927112719744,0
32,0,2,0,1,0,1,1,0,1,3,48301.8469316446,462,9,8.254870731646728,0
39,1,1,1,0,1,1,1,0,1,2,50424.82856956623,525,8,4.181297276155409,0
40,0,1,1,0,1,0,0,1,1,2,67189.51595094251,529,30,6.779886733024276,0
19,1,1,0,0,1,0,0,0,1,1,106981.51573401516,481,27,3.210684166439331,1
44,0,3,1,1,0,0,1,0,1,2,45679.1312744832,548,2,1.9835150083134396,1
27,0,2,0,0,1,1,0,1,0,3,51667.49388769075,617,13,8.149458025835706,0
19,1,1,0,0,0,1,1,0,0,1,58737.53973777504,509,24,1.8907176106783612,0
43,1,2,0,0,1,0,0,1,1,2,67915.97697419494,691,14,3.442432555716261,0
34,0,3,1,0,0,1,0,1,1,3,65271.0162390957,395,1,8.695984797976962,0
25,1,1,1,0,1,0,1,0,0,1,85681.91587896235,385,23,4.118223583708005,0
18,0,2,0,0,0,1,0,0,1,4,25000.0,714,13,9.75740814562745,0
26,0,1,0,0,1,1,1,0,0,3,25000.0,693,47,9.817609012964738,1
28,0,1,0,1,0,0,1,0,1,3,50082.43655979702,800,6,3.4144841840820104,0
39,1,2,1,0,1,1,1,0,0,2,81946.00375087417,432,35,1.368804000249014,1
33,0,1,0,1,0,1,0,1,1,3,28687.03936788808,613,49,7.345569557848412,0
24,0,2,0,1,0,0,1,0,0,1,25000.0,520,23,5.0588785238350935,0
27,1,3,0,0,1,1,0,1,0,3,71423.58812438417,737,26,1.9067755956361867,0
40,1,1,0,1,0,1,1,0,1,2,64873.14447405429,345,36,7.367705370802385,0
43,1,2,0,0,1,0,1,0,0,2,38195.8318640114,491,37,1.2805741820072911,0
20,1,1,0,0,1,0,0,1,1,1,40289.2079855814,819,29,8.831770214430179,0
35,0,4,1,0,0,1,1,0,1,3,40605.12560730652,678,26,2.2478727620197336,0
42,0,2,1,1,0,0,0,1,1,2,62210.7063494788,633,38,2.145806908720525,0
41,0,3,1,0,1,0,0,0,1,2,47473.69447633986,338,14,2.5810506817172607,0
30,0,2,1,1,0,0,0,1,0,3,69881.27837951039,592,25,9.6423972264286,1
45,1,1,1,0,1,0,0,0,1,2,25000.0,461,0,7.238524242284614,0
43,0,2,1,0,0,1,0,1,0,2,42862.96269744402,630,3,8.21234381917273,0
24,0,4,1,0,1,1,1,0,0,1,37478.920781778994,403,28,4.578714871594777,0
42,1,2,1,0,0,1,1,0,1,2,54873.18643255016,460,0,4.0268145475446,0
21,0,3,0,1,0,1,1,0,0,1,49239.04483019723,353,42,3.110356061048529,1
30,0,3,0,0,1,0,0,1,0,3,75956.87559791534,333,49,5.32583225481168,0
37,0,1,1,1,0,1,0,1,0,2,25000.0,541,45,5.966458601807517,1
18,0,1,0,1,0,1,0,1,0,4,60909.82952661504,412,21,6.685973592874799,0
25,0,2,1,1,0,0,0,1,1,1,71166.72846423411,617,10,3.31406653598825,0
31,0,2,1,0,1,0,1,0,1,3,97132.9487312391,322,9,9.537886728126916,0
33,1,3,1,1,0,1,1,0,0,3,50364.680578130494,417,16,2.5278264838642226,0
31,1,4,1,0,1,1,1,0,0,3,66489.17208705033,511,35,9.690878572897711,0
29,0,1,0,1,0,1,0,0,1,3,25000.0,717,46,1.133705102567534,0
36,0,1,0,0,1,1,0,1,0,2,25000.0,412,25,5.330131226351611,0
40,1,3,1,1,0,0,0,1,0,2,76895.487515634,343,47,4.000310543049065,0
32,0,1,1,1,0,1,0,1,0,3,59888.794127038585,427,20,5.0421107253722575,0
45,0,3,1,0,0,1,1,0,0,2,83570.25379596846,457,12,6.135981210827102,0
19,0,2,1,1,0,0,0,0,1,1,32531.94222060502,693,8,4.920302422114381,1
19,1,2,1,0,1,1,0,1,1,1,70398.04279057505,811,10,4.733621652714355,0
40,0,1,1,1,0,0,1,0,1,2,97376.35681087709,344,10,7.594510738719759,0
39,1,2,0,1,0,1,0,1,1,2,68394.11216714531,407,5,7.172886475778181,1
36,0,2,0,0,1,0,1,0,0,2,65531.630111820974,518,0,8.499441538322632,0
42,1,2,1,0,1,0,0,1,0,2,60171.121616487,742,5,3.24963083115546,0
43,1,1,0,0,1,1,1,0,1,2,28582.37085748176,614,12,6.485756587786573,1
39,0,3,1,0,1,1,1,0,0,2,87111.45871420696,476,21,6.266753068535685,0
43,1,3,1,0,1,0,1,0,0,2,47782.84720389868,527,30,4.327640297854199,1
43,0,1,1,0,1,1,1,0,0,2,70089.66512766034,566,21,5.374517877124128,0
39,1,1,0,1,0,0,1,0,1,2,28739.31386857493,678,36,3.824039289751559,1
34,0,1,0,0,0,1,1,0,1,3,36410.80670984439,788,46,2.276599578552867,0
37,0,2,0,0,0,1,0,0,1,2,88701.74798444471,589,26,2.9242108959645954,1
27,1,2,1,1,0,0,0,0,1,3,53053.95422084314,656,49,1.94962281761081,0
23,0,2,0,0,0,1,0,1,1,1,89065.50952085089,503,13,7.1476261767111176,0
32,0,1,1,1,0,1,1,0,1,3,58435.38681882965,512,46,6.946546537982364,0
39,1,1,0,1,0,0,1,0,1,2,25000.0,622,4,9.555457344218857,0
28,0,2,1,0,1,1,1,0,1,3,77841.3519946344,480,35,7.567105722825172,0
45,0,2,1,1,0,0,0,0,1,2,48202.15364488785,798,31,1.468412548805183,0
22,1,4,1,0,1,0,1,0,0,1,73973.77627034087,619,33,8.958206565360587,0
18,1,1,0,0,1,1,0,1,0,4,60504.21735080164,382,6,8.764076466511533,0
25,0,2,1,0,1,0,0,0,1,1,29137.635441142596,602,41,4.989882886954288,0
38,0,2,0,0,1,1,1,0,1,2,63285.89530741138,561,47,6.2727674547512935,1
45,1,2,1,0,0,1,0,0,1,2,103924.46284305598,499,9,9.784704992252667,0
29,1,3,0,1,0,0,0,1,1,3,69859.72917028918,539,49,5.790739274633497,0
29,0,2,0,1,0,1,1,0,1,3,58849.644939890735,594,16,9.147896455384808,0
22,1,4,0,0,1,1,0,1,1,1,81506.86803913795,811,29,1.7473488202916778,0
24,0,1,1,0,1,1,1,0,1,1,64213.36930406222,695,20,2.7194668183781454,0
21,0,1,1,0,1,0,0,0,1,1,64190.68460525588,437,12,4.966794490971861,0
23,0,3,1,0,0,1,1,0,0,1,38167.49655681795,428,0,6.262811275035743,1
30,0,2,0,0,1,0,0,1,0,3,64676.960515791965,348,0,8.346050666765201,0
37,0,1,1,0,1,0,0,1,1,2,80708.8683283389,592,46,9.894359036288682,0
32,1,1,1,0,0,1,0,0,1,3,43278.7569579995,835,32,4.499663468267048,0
20,1,1,1,1,0,1,1,0,0,1,88489.91642493896,610,37,1.4267407252607645,0
40,1,3,1,0,1,0,0,0,1,2,58165.87951709748,836,24,8.210543529657922,0
25,1,1,0,0,1,0,0,1,1,1,42244.60976922919,533,25,6.439426471745273,0
37,0,1,1,0,1,1,0,1,0,2,79952.64153840489,508,12,2.786885729813815,0
33,0,1,0,0,0,1,0,0,1,3,54264.11528523461,393,27,5.453456109592781,0
30,0,1,1,1,0,0,1,0,1,3,75190.29774972216,626,32,7.68079220980352,0
35,0,1,1,1,0,1,1,0,0,3,54164.82735482926,524,36,7.933706083617794,1
45,1,2,1,1,0,1,0,0,1,2,58803.47712940192,310,40,5.496565707988858,0
27,0,1,1,0,0,1,1,0,0,3,69871.20408668583,628,29,3.746930771159733,0
36,0,3,1,0,1,1,1,0,1,2,65817.94115180011,311,48,9.763683238346442,0
34,1,1,0,0,1,1,0,1,0,3,25000.0,334,47,6.970263498608436,0
41,1,2,1,0,0,1,0,1,0,2,37575.12519811216,746,7,4.674137674116688,1
36,1,3,0,0,1,1,1,0,1,2,78588.1996958163,751,48,3.524169017841872,0
45,1,2,1,1,0,1,1,0,0,2,57357.268221969054,519,46,7.579926847032059,0
43,0,2,1,1,0,1,0,0,1,2,49525.37394457156,740,0,3.179651010343909,1
40,0,1,0,1,0,0,1,0,1,2,32828.51969485052,834,11,2.545389900763193,0
43,1,1,1,0,0,1,0,1,1,2,38405.27357448303,528,4,5.7685050006586325,0
22,0,2,1,0,1,0,1,0,0,1,25000.0,643,23,3.609886533797277,0
43,0,4,1,0,1,0,0,1,0,2,57974.38562596934,379,5,6.660146304312535,0
38,0,2,1,1,0,0,1,0,1,2,48031.24838837906,652,24,2.0614480738681014,0
40,1,2,0,1,0,0,0,1,0,2,40668.242180293695,695,0,6.894469941105895,0
26,0,3,1,0,1,1,1,0,0,3,58637.531496640935,589,24,3.54966875197932,0
29,1,2,0,1,0,0,0,1,0,3,67279.41261705477,754,0,1.0021864099106146,0
38,0,1,0,1,0,0,1,0,1,2,101863.9586441989,427,31,2.1424245190675872,1
18,0,2,1,0,1,0,1,0,0,4,29762.331608735727,842,41,9.402538400515846,0
43,0,4,0,0,1,1,0,1,1,2,83187.62086601045,658,41,8.80619175203822,0
43,1,1,1,1,0,0,1,0,1,2,79462.03122030143,826,2,3.1024812883261315,0
18,0,2,0,1,0,0,0,0,1,4,44418.14521246599,612,48,8.005347140909421,1
32,1,1,1,0,1,1,1,0,1,3,64064.71909172062,374,18,6.477144338565768,0
19,1,2,0,0,0,1,1,0,0,1,50847.33501324769,845,42,9.738142403048824,1
39,1,1,1,0,1,1,1,0,1,2,63713.77160837478,495,28,4.362450935806532,1
33,0,2,1,0,1,0,0,1,1,3,90182.620268091,328,49,7.133145512654542,0
42,0,3,0,0,0,1,0,1,1,2,72112.12465262625,315,1,1.5718215018152673,0
25,0,1,0,1,0,1,0,0,1,1,70172.16746466883,722,8,4.566226121347654,0
30,0,2,1,0,1,1,0,1,0,3,51393.81360090715,704,16,9.674358950693623,0
38,1,3,1,0,1,0,1,0,0,2,30318.866701513296,830,45,5.850827870051085,0
18,1,4,0,0,0,1,1,0,0,4,55830.635789191845,376,35,3.5909155300136013,0
33,1,1,0,0,1,1,0,1,0,3,84132.1630972783,528,16,2.0824386681574616,0
24,0,1,0,1,0,0,0,1,1,1,29456.642868207047,596,48,7.331755061633774,0
22,1,1,0,0,1,1,0,1,1,1,38898.212636466094,809,11,6.803704390867541,0
39,0,4,0,1,0,1,1,0,1,2,62525.35472468136,837,19,4.365448422433971,0
40,1,4,0,0,1,1,0,0,1,2,40306.90430305475,625,49,9.558472166792509,1
20,0,2,1,0,0,1,0,0,1,1,44149.53105769575,662,2,1.199825316890653,0
29,0,3,1,0,0,1,0,0,1,3,51528.02836543646,658,42,3.733514664686432,0
43,1,2,0,0,1,1,1,0,1,2,32687.65191619701,623,49,9.289625376696232,1
33,1,2,0,0,0,1,0,0,1,3,40517.56307567263,625,3,3.8884189448749633,1
36,1,1,1,1,0,0,0,1,0,2,74068.55833574617,464,16,3.2702755046965333,0
22,1,3,1,0,1,1,1,0,1,1,33852.604355380725,754,49,5.807983689381226,1
39,0,1,0,1,0,0,0,1,0,2,28042.55731010325,452,36,8.41421574928484,0
42,1,3,1,1,0,0,1,0,1,2,47399.500409322114,426,45,1.9283208479052492,0
31,1,3,1,0,1,0,0,0,1,3,74639.11005019692,492,41,9.487186386811626,1
45,1,3,1,0,1,1,0,1,0,2,56061.56384006221,829,14,8.155655930630477,0
22,0,1,1,0,0,1,0,1,0,1,50708.37843768764,309,32,2.631252299963968,0
32,0,1,1,1,0,0,0,1,0,3,60887.17595031214,391,15,7.408071650783464,0
34,1,1,1,0,1,0,1,0,1,3,25085.85134280696,438,10,4.464628503738014,1
31,0,1,1,0,1,1,1,0,0,3,69894.11307550065,780,19,4.6206521026868685,0
37,1,1,0,0,1,1,0,0,1,2,67668.70062807288,748,37,8.049610831949797,0
22,0,4,1,1,0,1,0,1,0,1,51813.830518085575,632,23,9.66506327182659,1
29,0,2,0,1,0,1,1,0,0,3,80118.49023592833,639,15,2.139902855624745,0
33,0,1,0,1,0,0,0,0,1,3,37450.078020939225,351,29,4.785672131909374,1
43,0,1,1,1,0,1,0,0,1,2,82558.17986507138,765,33,5.328474472758732,0
43,1,2,0,1,0,0,0,1,0,2,63089.87331190502,774,0,4.386806352594979,0
33,1,2,1,0,0,1,0,1,0,3,53268.948202436535,700,23,4.268702113446025,0
38,1,2,0,1,0,0,1,0,1,2,59602.52729263377,738,23,1.4704180080543687,0
24,0,4,1,1,0,1,1,0,0,1,57854.704683781165,808,8,7.169847585063609,0
21,1,2,0,0,0,1,1,0,0,1,84405.65792835434,452,21,4.925929754080409,0
18,1,4,0,1,0,1,0,1,0,4,38466.41745057973,813,11,2.7531442237953407,0
22,1,3,1,1,0,0,0,0,1,1,44749.61521706804,802,16,8.344301520718616,0
40,0,1,1,0,1,0,0,1,0,2,80726.0578414496,305,24,8.22304673336465,0
43,0,4,0,0,1,1,0,0,1,2,48089.30129632282,799,27,5.377524652800044,0
27,0,1,0,1,0,1,0,0,1,3,78010.66154663183,417,14,3.6860559503298447,0
39,1,3,1,1,0,0,0,1,0,2,93988.7196601742,784,29,6.742834532168072,0
22,1,1,0,0,0,1,0,1,1,1,51964.09946116732,767,50,3.593369221996628,0
21,1,3,1,1,0,1,1,0,0,1,73627.24653150611,460,26,3.1240713729134084,0
19,0,3,0,1,0,1,0,0,1,1,36926.15437320283,569,21,7.57463188623694,1
37,0,3,1,0,1,1,0,0,1,2,75094.66596135618,355,9,1.3629271574885564,0
27,1,3,0,1,0,0,0,1,1,3,63988.47971973534,527,30,1.8529162393113456,0
43,0,1,1,0,1,0,1,0,1,2,69460.7656432043,448,26,1.061093566212308,0
36,0,1,1,0,0,1,0,1,1,2,47088.5585592921,345,11,2.3764886782788355,1
43,0,2,1,1,0,0,0,1,1,2,26778.33168865655,443,45,1.620910078394135,0
18,0,1,1,0,0,1,0,0,1,4,70065.0412949901,639,30,9.962221310019268,0
41,1,2,1,1,0,1,1,0,0,2,25000.0,712,31,3.5992897295868063,1
22,0,1,1,0,1,1,0,1,1,1,53652.9901551493,819,31,2.3434121140232254,0
30,0,4,0,0,1,1,1,0,1,3,78823.63732839939,643,40,3.1689663219632616,0
21,0,2,1,0,1,0,0,1,0,1,63837.95471746072,686,44,9.425130143861212,0
33,0,3,1,0,1,1,0,1,1,3,98966.85289579628,772,34,5.6814420072195615,0
41,1,1,1,1,0,1,0,1,1,2,80502.18305163547,574,45,4.283362866770712,1
33,1,3,1,0,1,0,1,0,1,3,46922.03223348847,652,20,8.860523121182975,0
40,0,4,1,1,0,0,1,0,0,2,60546.267597028775,365,9,4.554912434941292,0
19,0,2,1,0,1,1,0,1,1,1,59052.58594911128,378,15,4.015077129619263,0
34,0,2,1,0,1,0,0,1,1,3,28356.464733077457,501,6,2.86554270294762,0
45,0,3,1,1,0,1,1,0,0,2,41192.02167031293,412,3,4.400171415184703,1
44,0,1,1,0,0,1,1,0,1,2,48784.78186040279,390,26,3.8501592041523343,0
37,0,2,1,0,0,1,0,1,1,2,25000.0,440,24,7.095735633683269,1
41,1,1,1,1,0,1,1,0,0,2,60949.86936503286,588,30,3.606244342036544,1
29,0,1,1,1,0,1,0,1,1,3,55018.56310693918,710,10,6.194797717803053,0
35,1,1,0,0,0,1,0,1,0,3,26542.12197376852,676,47,1.5930294852877545,1
20,1,1,1,0,1,0,0,0,1,1,68084.25730554663,683,19,2.721602410268629,0
45,0,1,0,0,0,1,0,1,0,2,74317.45489381919,451,35,4.666647444502139,0
18,1,1,1,1,0,1,0,1,1,4,64540.68957729778,618,16,9.43254328517826,0
18,1,4,0,0,1,1,1,0,1,4,53518.6364958206,668,44,4.395267871441259,0
36,1,2,0,1,0,0,0,0,1,2,71828.8430350371,761,10,6.976667090798507,0
28,1,4,1,0,1,1,0,1,0,3,73604.40720953382,311,29,3.2957850017925834,0
22,1,2,0,0,1,1,1,0,0,1,66148.07139439377,455,34,2.143302183759085,0
29,1,1,1,1,0,1,1,0,1,3,43507.754991304784,776,40,1.5268294007204513,0
20,0,2,1,0,0,1,0,1,0,1,65532.015310223615,700,37,3.748721486884762,0
18,1,2,0,0,1,0,1,0,0,4,83909.61301650958,476,21,2.418949241172172,0
18,1,1,0,0,1,1,0,1,1,4,48067.4188277654,640,42,2.5660940321451178,1
25,1,2,1,0,0,1,1,0,0,1,101958.78678264862,356,47,7.84683377548255,1
27,0,1,1,0,1,0,0,1,0,3,49487.38132029231,747,50,1.142542638503868,1
28,1,2,1,0,1,1,0,1,0,3,60648.14026680272,502,26,6.02029113161891,1
29,0,2,1,0,1,0,0,1,1,3,46550.28807987328,501,36,4.415152425341184,0
30,1,1,0,0,0,1,1,0,0,3,64465.41671840522,629,45,5.5589499991769245,0
29,0,1,1,1,0,0,1,0,0,3,25155.5661472945,662,48,6.065472134931426,0
31,0,3,1,0,0,1,0,1,1,3,49079.16402366557,753,34,3.820309250115504,1
19,1,2,1,1,0,1,1,0,0,1,38157.57599302866,655,3,3.655979741658568,0
36,1,1,1,0,1,0,0,1,1,2,62706.766957845815,515,15,7.600616644014151,1
35,0,4,1,1,0,0,1,0,1,3,79888.94751017814,322,15,8.841492893090415,0
20,1,1,0,0,1,0,0,1,0,1,72920.12374229103,454,20,2.733234692126751,1
40,0,2,0,0,1,0,1,0,1,2,25000.0,485,25,1.8785688448163405,1
34,0,4,0,0,1,1,0,0,1,3,100841.39305855762,548,35,9.080162257528231,1
43,0,1,1,1,0,1,0,0,1,2,65905.59881241736,433,18,4.149059172826588,0
25,0,1,0,0,1,0,0,0,1,1,44470.01719014,620,16,5.961856515965327,0
43,0,1,0,0,0,1,0,1,1,2,63142.558379818816,689,44,4.235888300680031,0
27,1,1,0,0,0,1,1,0,0,3,63523.79645005385,733,25,2.1322210271144617,0
43,0,1,1,0,1,1,1,0,1,2,46663.02566096873,321,21,6.303984804529552,1
19,0,2,1,1,0,1,1,0,1,1,63958.33334684151,424,27,5.726267665926667,0
36,1,1,1,1,0,1,1,0,1,2,47850.55424759386,378,0,2.826942032720775,0
26,0,2,1,0,0,1,1,0,1,3,51912.76014619954,350,43,5.0668214018705005,0
24,1,4,1,1,0,0,0,0,1,1,46274.41728489832,475,35,8.172527536140812,1
21,1,3,1,0,1,1,1,0,1,1,31346.574205206944,552,42,6.313834927971022,1
43,1,2,1,0,1,1,1,0,0,2,62916.72940430768,545,36,1.8722559436029536,0
38,0,1,0,0,0,1,0,0,1,2,71705.98873032676,405,1,5.932193475062215,0
35,0,2,1,0,0,1,1,0,1,3,70297.67192152745,492,16,7.324644693606282,0
30,0,2,1,1,0,0,0,1,1,3,76398.50505270468,615,39,8.134330652026762,0
28,1,2,0,1,0,0,0,1,0,3,66486.80420029737,601,37,6.662058207708401,0
41,0,1,0,1,0,1,0,1,0,2,49345.49003566193,847,20,2.3739234808670537,0
21,1,3,0,0,1,1,0,1,0,1,76793.27728862378,567,8,7.391559399311446,0
42,0,2,0,0,1,1,0,0,1,2,32849.6492031613,469,12,7.096076614733647,1
38,1,1,1,0,0,1,1,0,1,2,41986.57234975039,850,10,1.2198419464656989,0
42,0,1,0,1,0,1,0,0,1,2,40715.99857153511,754,15,4.705729008312188,0
21,0,2,1,0,1,1,1,0,0,1,81601.12118278621,591,15,3.99655222266136,1
27,0,3,1,1,0,1,0,1,1,3,78855.7702828015,440,1,7.024708578282791,0
22,1,3,1,1,0,1,0,1,1,1,69746.1047408999,445,41,2.9452223107982864,0
26,1,3,1,0,0,1,0,1,0,3,81438.59730423594,724,43,6.317847306768327,0
41,0,1,1,1,0,1,0,1,0,2,42414.34435176024,613,7,9.218853656327552,0
20,0,2,0,1,0,0,0,1,0,1,66971.90239721962,483,42,8.18022134987747,0
34,1,2,0,1,0,0,1,0,1,3,57496.51143233672,427,41,9.293119625948773,0
20,1,1,1,0,1,0,1,0,0,1,76937.64207769828,586,12,9.80655370239421,0
33,1,1,1,0,0,1,1,0,0,3,57695.51534895605,552,16,1.0960311430554648,0
21,0,3,0,0,1,0,1,0,0,1,52301.14223179837,685,38,6.604671487397298,0
35,1,1,0,1,0,0,1,0,0,3,70818.1703712198,529,23,4.715554579830158,0
34,0,2,1,0,1,0,0,1,0,3,77523.38334382465,570,2,8.738690413016096,1
24,1,1,0,0,0,1,0,1,1,1,46633.09610306397,714,29,3.2663323180821853,0
41,0,1,1,0,0,1,0,1,0,2,58778.48657295248,497,12,9.829265402035686,0
40,1,1,1,1,0,1,1,0,0,2,38831.18732716695,622,18,6.523371725893726,0
22,1,4,0,0,1,1,0,1,0,1,25000.0,355,6,8.141836620059479,0
29,1,3,1,1,0,1,1,0,0,3,64009.19262827458,502,8,1.7703959754049148,0
34,1,4,1,0,0,1,0,0,1,3,72178.10712509263,437,18,2.6511209628297854,0
40,1,2,0,1,0,0,0,1,1,2,65241.336181734514,721,44,7.825633057307827,0
30,0,1,0,1,0,0,0,0,1,3,25000.0,356,39,1.1978786983539125,1
40,1,2,1,1,0,1,1,0,1,2,52983.01139847051,370,21,8.351901873044046,0
42,1,2,1,0,0,1,0,1,0,2,25000.0,671,17,1.125541168227203,0
20,1,3,1,1,0,0,1,0,1,1,87394.0221530837,813,22,6.91406955155146,0
26,0,1,0,0,0,1,0,1,0,3,38278.90835763828,383,1,4.285845282086253,1
34,1,2,1,1,0,0,0,0,1,3,85108.07218919793,342,49,6.503453674472792,0
34,0,1,1,0,0,1,1,0,0,3,78917.39287368291,432,49,7.264282662902024,0
37,1,1,0,0,1,0,1,0,0,2,41988.19294927877,694,10,4.082276972676738,0
33,1,3,1,0,0,1,0,1,0,3,37344.3009746451,364,30,1.97166203299752,1
42,0,2,1,0,0,1,1,0,0,2,67007.40432772676,589,32,1.6268128097343908,0
39,1,1,1,1,0,1,0,0,1,2,43113.51925633858,675,13,6.3004242030629305,0
30,0,1,0,0,1,0,1,0,0,3,62049.69284316415,766,15,5.685898183607004,0
44,0,2,1,0,1,1,0,0,1,2,50343.448183861634,512,10,7.679809082090193,0
36,1,3,1,1,0,1,1,0,1,2,25000.0,447,32,5.587619590035434,1
34,0,3,0,0,1,1,0,0,1,3,25000.0,770,6,4.8020121102779125,0
21,1,4,1,1,0,0,0,1,1,1,64533.68496989194,448,30,4.582784604126077,1
29,1,3,1,0,1,1,0,1,1,3,48768.84507338749,387,47,1.2380221233790072,0
26,0,1,1,0,0,1,0,1,1,3,48938.20366171736,623,45,4.020014815269914,0
36,0,2,1,0,1,1,0,1,0,2,73917.27678187571,695,46,9.784181417720449,0
29,0,2,1,1,0,1,0,1,0,3,83468.84553264889,703,13,8.8620001860438,0
26,0,1,1,1,0,1,0,1,0,3,54549.105572763816,381,27,3.964402603307959,0
24,1,3,1,0,1,1,0,0,1,1,53188.02586180277,585,42,6.29015864559735,0
45,1,1,1,1,0,1,0,1,0,2,70002.86066227767,681,15,8.625670709819445,0
31,0,4,0,1,0,1,1,0,1,3,32861.28860600849,569,18,4.971469030750618,0
37,1,2,0,0,1,1,0,1,1,2,64463.06109495394,591,16,1.1616207737513586,0
36,1,2,0,0,1,0,0,0,1,2,71037.71943644308,752,25,1.6705941563677609,0
43,1,2,0,0,1,0,0,1,1,2,73604.60416835258,323,5,5.593534492138359,0
32,1,3,1,1,0,0,0,1,0,3,25000.0,610,42,9.724954381082906,0
33,0,2,0,1,0,1,0,0,1,3,44772.89460382119,760,48,7.23888587996981,1
38,0,2,1,0,1,1,1,0,0,2,42434.73494353067,507,8,1.6382457229471257,1
22,1,1,0,1,0,1,1,0,1,1,61997.73908818426,737,49,2.704247882126765,0
20,0,2,0,0,0,1,0,1,0,1,69614.89159535967,837,16,7.94190828895165,0
29,0,1,0,1,0,1,0,1,0,3,89934.20814891963,635,30,8.572957839606204,0
42,0,3,0,1,0,1,1,0,1,2,50100.69039263854,721,11,6.559251275697318,0
37,1,2,1,0,1,0,1,0,1,2,50048.55003381572,620,22,6.7998085266683495,0
44,1,2,1,0,1,1,1,0,0,2,82993.44037757494,796,4,1.2550370534504618,0
38,1,1,1,1,0,1,0,1,0,2,65931.5387706061,462,42,8.456772336233577,0
21,0,1,1,0,1,0,0,1,0,1,85353.03022375947,840,35,8.094476873537467,0
38,1,3,1,1,0,0,0,1,1,2,65774.56006019673,464,35,3.331316296930124,0
40,1,1,0,0,1,0,0,0,1,2,36857.66762573458,594,2,7.378090479689563,1
33,0,1,0,0,1,0,0,0,1,3,33337.432904443864,341,23,2.933691457824983,1
42,1,1,1,0,1,0,0,1,1,2,28969.75501882142,584,16,1.362971449463617,0
24,1,4,0,1,0,1,0,0,1,1,73241.03669516946,686,38,2.8102288833133957,0
30,0,3,0,1,0,1,1,0,1,3,83771.93646174016,437,25,2.607659890788696,0
38,0,1,0,1,0,0,0,0,1,2,96987.24282772762,486,3,4.039731970613625,0
27,0,1,0,0,0,1,0,0,1,3,76862.1066464648,730,44,4.766045474579123,0
43,1,1,1,0,0,1,0,1,1,2,83256.77155069972,715,11,5.576850023479372,0
24,1,3,0,0,0,1,1,0,0,1,48399.67334692631,725,0,5.290784879574954,0
31,1,2,0,1,0,0,0,0,1,3,36871.68366512287,715,20,3.436071453687604,0
43,0,1,1,0,0,1,0,0,1,2,77001.58664835106,325,18,1.2625360171666702,0
22,0,1,1,0,0,1,1,0,0,1,68353.61504478802,670,20,6.445914600134357,0
20,1,1,0,0,1,0,0,1,1,1,62148.887486817854,684,17,4.56170346862619,0
40,1,2,1,1,0,1,1,0,0,2,67747.42961265979,355,42,3.688049416487948,0
28,0,3,0,1,0,1,0,1,1,3,66463.70964916411,552,2,8.80246938547461,1
28,0,1,0,0,1,0,1,0,1,3,85676.33719707123,405,48,7.720689770183438,1
35,0,1,1,0,1,0,0,1,1,3,85899.71169633912,429,43,8.71988993535198,0
32,0,1,1,0,1,0,1,0,1,3,70884.40704680694,675,31,5.454845152412149,0
29,1,4,0,1,0,1,1,0,1,3,76916.05745125856,607,9,2.1783812691409974,0
26,0,1,1,0,0,1,0,1,1,3,70281.25104849551,390,39,7.265992925091451,0
27,1,3,1,0,1,0,0,1,0,3,50776.60535930762,692,14,2.854664019434577,0
43,1,2,1,1,0,0,0,1,1,2,75131.2934982628,833,4,4.971067021825451,0
29,1,1,1,0,1,0,0,0,1,3,32110.098622814767,409,3,1.5850071005399964,0
34,0,1,0,0,1,1,0,0,1,3,81077.83104591767,639,27,8.427775621806841,0
23,0,1,1,0,1,0,0,1,0,1,36109.5412046793,655,50,2.133465769427505,0
24,0,2,0,1,0,1,1,0,1,1,65716.06573589466,467,3,9.127877563443787,1
31,0,3,1,0,1,0,0,1,0,3,43096.92083147682,751,14,8.778075420354014,0
30,1,2,1,0,1,1,0,0,1,3,71067.77966148853,404,16,5.181244879953215,1
25,0,2,0,1,0,0,0,1,0,1,59321.49548144182,449,43,7.6993138387359155,1
27,0,1,0,0,0,1,0,1,1,3,28104.88083673335,445,2,6.575005664363379,1
26,1,4,1,0,1,0,0,1,0,3,68413.99262036958,598,9,8.227680781039703,0
35,0,3,1,0,1,1,1,0,1,3,48441.58446334579,466,46,4.886245907073208,1
44,1,1,1,0,1,1,0,1,1,2,77622.93441626738,347,41,8.07227635819915,0
43,1,4,1,1,0,0,1,0,0,2,60026.51377468815,538,22,5.162111353586331,0
19,1,2,0,1,0,1,0,0,1,1,67908.41970776077,306,17,9.468692090585144,1
22,1,2,1,0,1,0,0,0,1,1,40848.62089969576,763,0,5.377348907426328,0
22,1,3,1,0,1,1,0,1,0,1,48213.355371452766,752,34,5.163573447403566,1
23,1,3,1,1,0,0,0,1,1,1,50827.22727797831,670,30,8.065646754071615,0
36,1,2,0,0,0,1,1,0,0,2,77134.04960485111,848,43,8.394199225847542,0
25,1,1,0,0,1,1,0,1,1,1,93547.5417561098,786,0,5.990402028890537,1
33,0,1,1,1,0,0,0,0,1,3,43896.56496514248,510,2,2.6181803214556787,0
30,0,4,0,1,0,1,0,1,1,3,81536.9628931536,464,2,5.209824078618215,0
18,0,1,1,1,0,1,1,0,0,4,25000.0,424,36,9.712652526187105,1
39,0,1,1,0,1,1,0,1,0,2,36116.21197815421,636,18,7.776875737352666,1
37,1,2,0,0,1,1,1,0,1,2,40824.43087626451,491,28,8.300463434912189,0
34,0,2,0,0,1,0,0,1,1,3,32949.82621118556,513,24,1.295429489373161,0
24,1,2,0,1,0,0,1,0,1,1,28328.2322042484,627,32,5.210735163707439,0
42,0,4,1,0,1,1,0,0,1,2,68259.97824275595,680,35,6.819590202917999,0
30,0,1,1,0,1,0,0,1,0,3,55718.64604544277,538,28,8.470294152652672,0
21,0,1,0,0,1,0,0,1,0,1,67588.10795210219,831,25,1.4434628822449431,0
21,1,1,1,0,1,1,0,1,1,1,73809.45372243026,381,3,8.671949970776858,0
23,0,3,1,1,0,1,0,1,0,1,65312.33986345067,662,48,5.935608430677205,0
45,1,2,1,1,0,0,0,1,1,2,73155.26352300748,804,13,2.7758257351845392,0
36,1,1,0,1,0,0,0,1,1,2,58609.35427515461,501,49,3.8552969480473,0
29,0,3,1,1,0,1,1,0,1,3,36260.1322338851,803,26,3.537365965764047,0
39,0,3,1,0,1,1,0,1,0,2,81156.28361641592,336,32,5.777731308596282,1
24,0,3,0,1,0,0,0,1,1,1,48217.75734437746,701,21,1.4651711192001864,1
44,1,4,1,0,1,1,1,0,1,2,41288.07402475148,475,47,2.426825426499312,0
27,0,1,1,0,1,1,1,0,0,3,56441.64248391204,844,2,8.314237390382042,0
43,1,3,1,0,1,0,1,0,1,2,41743.78161406974,766,22,2.1934359167213,0
36,1,2,1,1,0,1,1,0,1,2,51651.39236021136,500,20,3.100566425123142,0
24,0,3,1,0,1,1,0,1,1,1,66881.07843126933,839,40,5.080335450437416,0
20,0,3,1,0,0,1,0,0,1,1,66966.83478492254,846,22,5.654087993019974,0
30,1,3,0,1,0,1,0,0,1,3,42043.39867148741,693,3,7.872494316527428,0
30,1,2,1,1,0,0,0,0,1,3,50245.89254102511,341,20,5.02599183999569,0
35,1,1,0,0,1,0,1,0,1,3,81486.66009540488,692,36,8.10878158931985,0
45,0,2,1,1,0,0,0,1,1,2,69928.00235467881,740,42,6.565116763409117,0
43,1,4,1,1,0,0,0,1,0,2,101501.30078697082,805,30,2.0178976548144023,0
37,0,4,1,1,0,1,1,0,1,2,83602.56347483056,619,20,2.406982945535548,0
45,1,1,1,1,0,0,1,0,1,2,82885.86137119879,514,25,4.9333035290479375,0
25,1,1,0,0,1,1,0,1,1,1,32242.62899088396,370,40,4.572004537801356,1
26,0,1,1,1,0,0,1,0,0,3,75277.20703266845,535,34,7.691898426735651,1
24,1,3,1,0,1,0,1,0,1,1,58937.863966061785,580,37,6.2266342581761664,0
18,0,3,0,0,1,0,1,0,0,4,48980.36392923501,461,23,4.493197729020244,1
20,0,1,0,0,0,1,1,0,0,1,63360.30681065057,490,10,2.5368425510534705,0
30,1,2,0,0,1,0,0,0,1,3,78904.23069222967,308,40,3.0415339209294565,1
45,0,3,1,1,0,0,0,1,1,2,70016.63182008424,359,28,6.179509166221531,1
42,0,3,0,0,1,0,1,0,0,2,42430.5239731588,524,46,4.810949244098133,0
45,1,2,1,1,0,1,0,1,1,2,74849.1782718524,586,2,5.6343475797460485,0
34,0,2,1,0,1,0,0,0,1,3,47248.24915848072,468,0,2.536096917720103,0
42,0,2,1,0,1,1,0,1,1,2,64333.66237928573,361,18,6.9661562711010925,0
41,0,1,1,1,0,1,1,0,1,2,53932.99865045732,648,45,8.672848667703704,0
18,1,2,1,0,0,1,1,0,0,4,55622.674965287486,741,48,3.321455561082105,0
23,0,2,1,0,1,1,0,1,1,1,75324.85950081018,313,21,5.423628032486439,0
38,1,3,0,1,0,0,0,1,0,2,39196.12560368204,463,13,9.779745961188116,0
23,1,2,1,1,0,0,0,1,1,1,98903.90148553866,719,48,3.9991756649565486,0
43,0,3,1,1,0,0,1,0,0,2,25000.0,819,13,6.355417104313851,0
29,0,1,1,0,1,1,0,0,1,3,48046.646334902856,847,43,1.8117613018021996,0
30,0,2,0,0,1,1,0,0,1,3,67404.23779883482,327,15,6.454135022314989,0
30,1,1,1,0,1,1,1,0,0,3,71686.2833287062,745,32,1.8066859597415608,0
32,0,1,1,1,0,1,1,0,1,3,57990.4855885659,507,12,9.633118917914398,0
38,0,3,0,1,0,1,1,0,1,2,58852.18593996915,769,37,7.440963868650803,1
33,0,4,0,1,0,0,0,0,1,3,68211.00170655233,403,48,8.093438093221359,1
39,0,1,1,0,1,0,0,0,1,2,55378.61045084639,725,11,7.336939246944731,0
38,0,2,0,1,0,0,1,0,0,2,87863.62515869812,400,50,6.307561324688192,1
28,1,3,0,0,0,1,1,0,1,3,76786.98228463205,840,37,5.049215029769548,0
45,1,1,0,1,0,1,0,0,1,2,77456.48702011269,821,38,8.725360417849561,0
22,0,2,1,0,1,1,1,0,1,1,40676.86553259166,405,32,9.611521007887568,0
21,0,3,0,1,0,1,0,0,1,1,58412.23151188594,576,32,5.491325556136732,0
20,0,2,1,0,1,1,0,1,1,1,53990.68102558592,364,28,9.383815442397358,0
36,0,1,1,0,0,1,0,1,0,2,39887.97248621068,487,4,6.249996189896658,0
37,1,1,1,0,0,1,0,1,1,2,67203.28367891534,616,5,5.845457682067899,0
42,0,3,1,1,0,1,0,0,1,2,49247.08484440367,437,30,5.09034459659821,0
35,1,2,1,0,1,1,0,1,0,3,73108.07659700474,642,15,2.8835898537710785,0
32,1,1,0,0,0,1,0,1,0,3,38596.16874211337,404,30,1.0334769473625327,0
26,0,3,1,1,0,0,0,0,1,3,94380.81225683642,845,24,3.1735560417045514,0
34,1,1,1,1,0,0,0,0,1,3,42073.34682815876,679,47,5.587508544432087,0
31,1,3,1,0,1,1,1,0,1,3,64386.04674400872,409,45,4.419639570337773,0
32,1,1,1,1,0,1,0,0,1,3,75837.18620776135,844,32,5.036367052023704,0
18,1,4,0,0,0,1,1,0,0,4,48587.19139599775,653,12,9.825833976076446,1
38,0,1,1,1,0,1,0,0,1,2,77049.372868659,616,9,4.152451336023948,0
39,0,1,1,1,0,0,1,0,0,2,35416.32804399167,565,23,5.069646454240971,0
39,1,1,1,0,0,1,0,0,1,2,89042.3539836512,364,9,2.201639962175376,0
20,0,1,1,1,0,1,1,0,1,1,60282.985299315165,632,40,1.431619591932889,0
33,0,3,1,0,1,0,1,0,0,3,48071.77184062241,812,30,7.978685631332452,1
40,0,4,0,0,1,1,0,1,1,2,54016.36455145131,432,12,6.136148575647808,1
42,0,1,0,0,1,1,1,0,0,2,76178.38538785439,839,2,7.846343254395055,1
28,0,2,1,0,1,0,1,0,1,3,48310.89416299124,834,49,2.3487651899789648,0
29,1,3,0,1,0,0,1,0,0,3,45012.84621154445,795,33,6.1464589406442185,1
27,0,3,0,0,0,1,0,0,1,3,55569.26804832523,668,48,3.28278226907238,1
33,0,2,0,0,1,1,0,0,1,3,36460.75774460064,398,27,3.0525563521001797,0
25,0,1,1,0,1,0,1,0,1,1,96410.8781588363,616,18,1.1037341264768674,0
23,0,2,1,0,1,0,0,1,0,1,48672.108175705536,422,22,2.173066512121647,1
29,1,2,1,1,0,0,0,0,1,3,76632.33572360806,619,44,3.783413003497258,0
41,1,1,0,1,0,0,0,1,1,2,64189.40167295545,794,31,2.0519088453184517,0
45,1,2,0,1,0,1,1,0,1,2,40309.31899036064,756,12,9.872725963698436,0
38,1,1,1,0,1,1,1,0,0,2,59880.90581574541,821,32,3.777693836715556,0
25,0,3,1,1,0,1,1,0,0,1,75680.05558621496,819,33,2.1729155203209536,0
43,1,1,0,0,1,0,0,1,1,2,56234.77329827387,614,32,2.79174081545162,0
45,0,2,0,0,0,1,0,0,1,2,83862.25891702056,841,4,6.2893290550732885,0
21,0,2,0,0,0,1,1,0,1,1,80430.30785563728,778,2,1.5763917147830966,0
43,0,2,0,1,0,0,0,1,1,2,78378.29709316659,319,6,8.761907171270412,0
25,0,1,1,0,0,1,0,0,1,1,50806.86455454007,429,23,9.653497113134325,0
43,0,2,1,0,0,1,1,0,1,2,38403.15104437026,592,21,3.220726786006428,0
45,1,2,0,0,0,1,1,0,0,2,47728.24789274411,431,44,5.050857417317734,1
35,1,2,1,0,1,0,1,0,1,3,63924.81881333441,655,22,1.1992100592654735,0
45,1,2,1,0,0,1,0,1,0,2,70915.73427064711,353,29,6.766392022544993,0
45,1,2,0,0,0,1,1,0,1,2,25000.0,686,17,4.7253345224733,0
22,0,3,1,0,0,1,0,1,0,1,59837.735967765,564,31,3.4305261949140013,1
26,1,1,0,1,0,1,1,0,1,3,63161.784506463686,514,6,2.8615339955494763,0
21,0,3,1,0,1,0,0,1,0,1,54449.114873688966,759,32,6.886207698928844,0
44,1,2,0,1,0,0,1,0,0,2,85825.47678031758,757,4,4.745953279290831,0
39,0,1,1,1,0,1,0,0,1,2,68435.60148501743,342,48,2.616933601269208,0
34,0,1,1,0,1,1,0,1,0,3,86203.83816161794,577,27,7.201981733381416,0
26,1,1,0,0,1,0,0,1,0,3,55680.78959299535,429,7,6.085650547330243,1
18,0,3,1,0,1,0,1,0,0,4,78749.5498501385,649,14,8.728048494365465,0
38,0,3,0,0,1,1,0,1,0,2,92701.3278905504,843,3,2.057283089888436,0
37,1,3,0,0,1,1,0,1,1,2,86233.86898545321,405,33,8.070999417500104,0
30,0,2,1,0,1,1,1,0,0,3,38157.16813142534,300,4,7.061651081355331,0
45,1,2,1,1,0,0,0,1,1,2,54926.47844915238,731,32,2.03509843145288,0
33,1,1,1,0,0,1,1,0,0,3,53096.70589100407,605,4,7.253386568845486,0
30,1,1,1,0,1,0,0,1,0,3,69785.09070152655,826,37,4.9739255999184735,0
31,0,2,0,0,0,1,0,1,1,3,73727.07110029066,352,33,9.504863070002587,1
20,0,1,0,0,0,1,0,1,0,1,43222.14651948528,819,25,2.274502155561094,0
23,0,1,0,0,1,1,1,0,0,1,61356.77027833875,629,0,6.785500517341642,0
35,1,2,0,1,0,0,0,1,0,3,25000.0,624,3,4.437820409166513,0
36,0,3,1,1,0,1,0,1,1,2,88838.9001160378,413,38,9.6113320353179,0
22,1,4,0,1,0,0,0,1,1,1,49752.51518646613,446,25,3.969774057612488,1
32,1,4,0,0,0,1,0,1,0,3,61117.278796889936,465,32,9.659673185426202,1
42,0,2,0,1,0,0,1,0,1,2,53807.005720238776,678,32,9.11337265990674,0
19,1,2,0,0,1,1,1,0,0,1,82920.5515002683,438,7,3.433449117795907,1
27,0,2,1,1,0,1,1,0,0,3,25000.0,598,19,8.23187599143785,0
41,0,3,0,0,1,1,0,1,0,2,59667.79315348182,575,15,9.960437816231554,1
35,0,1,1,1,0,1,1,0,1,3,57883.62485004604,477,20,3.273967019541541,0
44,0,2,1,0,0,1,0,1,1,2,50927.27224816634,653,44,4.930994523909877,0
30,0,3,1,1,0,1,0,0,1,3,94524.53091271264,453,25,5.681626629100837,0
22,1,1,0,1,0,1,0,0,1,1,42253.41082288457,500,22,3.6543802222347783,1
40,1,2,0,1,0,1,0,1,0,2,75435.92354471322,414,17,1.1373835568142678,0
41,1,2,0,1,0,0,1,0,1,2,67125.05577412168,367,30,2.98116319777774,0
18,0,1,0,1,0,0,1,0,1,4,85230.38505071032,744,41,3.537431959075826,0
39,0,1,1,0,0,1,1,0,0,2,46656.218304449896,744,11,4.992397311863685,0
18,0,1,0,1,0,1,0,1,1,4,45340.62201752482,625,0,2.5399223057206166,1
35,1,1,1,0,1,0,1,0,1,3,81921.39814954797,658,41,8.859289210225054,0
32,0,1,1,0,0,1,0,0,1,3,68506.4261666022,444,8,7.344200194582025,0
34,1,3,1,1,0,1,0,1,1,3,29101.253066464826,574,2,1.7668042980369578,0
28,1,1,0,1,0,1,0,1,1,3,49213.89971073459,808,50,6.850832060259383,1
38,0,2,0,1,0,0,0,1,0,2,67727.65307696121,478,25,6.882908287650584,0
43,0,1,1,0,0,1,1,0,1,2,76755.28443093179,776,8,9.605990562792648,0
42,1,4,1,1,0,1,0,1,0,2,46415.3869361409,713,41,1.0271878422054512,0
39,0,1,0,1,0,1,1,0,1,2,25000.0,452,50,3.231392048252265,1
44,1,2,1,0,0,1,1,0,0,2,70464.46371474066,403,15,9.35012331437784,1
44,0,3,0,0,1,0,0,1,0,2,35593.58620112049,374,23,9.389205238584548,0
34,0,3,0,0,0,1,0,1,0,3,25000.0,427,49,7.485277774335737,0
30,1,1,1,0,0,1,0,0,1,3,25000.0,644,13,7.89186988942786,0
18,0,3,1,0,1,0,0,1,0,4,76279.61720395483,830,2,1.823346621366824,0
19,1,2,0,0,0,1,1,0,1,1,62572.34900809933,458,33,5.624882513004103,0
26,0,2,0,1,0,1,0,0,1,3,55486.87238575497,837,32,3.0842469216009945,0
20,1,1,1,0,0,1,0,1,0,1,87780.48725925523,725,49,2.630962392522555,0
18,1,1,0,0,1,0,0,1,0,4,72746.49366046145,322,23,8.292729692109994,1
38,0,3,1,0,1,1,1,0,0,2,92326.00085443832,346,8,2.215343230124927,0
33,1,2,1,0,0,1,0,1,0,3,32145.29055666007,824,12,5.217864732967467,0
40,0,2,0,1,0,0,0,1,1,2,59308.98752092073,443,1,9.447204156274298,1
23,0,3,0,1,0,1,0,0,1,1,27665.732501039714,718,6,2.672488500088083,1
45,0,3,1,1,0,1,0,1,1,2,55412.35336289066,384,47,9.801940813644112,0
34,1,1,0,1,0,0,0,0,1,3,55027.68292466646,715,20,9.948591871849532,0
22,1,2,1,1,0,0,1,0,0,1,72532.27274526142,781,18,6.000554392141626,0
22,0,1,1,0,0,1,0,1,0,1,60911.277622837966,755,24,2.5312846615944213,0
23,0,3,1,1,0,0,0,1,0,1,72468.14276559831,596,46,3.8449439914680608,0
20,1,2,0,0,1,1,0,1,0,1,74068.80266277789,411,21,4.820435494088816,0
38,0,4,1,0,1,0,0,0,1,2,103098.57354766285,529,10,3.7839180192240063,0
40,0,1,1,1,0,0,0,1,0,2,53694.06689427751,395,32,3.525720218888642,1
22,1,1,1,1,0,0,0,1,1,1,41179.54598667242,677,31,9.750067382947218,0
38,0,1,0,0,1,1,0,1,0,2,64921.672306328175,455,20,2.3802834467417107,0
22,1,1,0,1,0,1,1,0,0,1,43954.39945720913,720,38,7.599951178451761,0
27,0,1,0,1,0,1,0,1,1,3,89639.21536873071,404,19,1.0036926049525738,0
27,1,4,1,0,0,1,0,1,0,3,54335.63922109535,629,7,6.365644024621392,0
36,0,1,0,0,1,1,0,1,0,2,48688.4726425202,738,41,9.24348703558647,0
34,0,1,1,0,1,0,1,0,1,3,50573.685576977645,431,36,3.591406846838971,0
38,1,3,0,0,1,0,0,0,1,2,74368.34846943282,681,8,2.6697337773194727,0
31,0,2,0,0,1,1,0,1,1,3,56845.0603353703,437,24,6.865118153905843,1
26,1,3,1,0,1,0,1,0,1,3,47166.66359739236,569,24,7.413412665685539,0
31,0,1,0,1,0,1,1,0,0,3,93307.0383524706,849,32,7.192274670567832,0
18,1,2,1,0,1,0,0,0,1,4,42876.603186765,695,1,3.8738519201923673,0
36,1,1,1,0,1,0,0,1,1,2,60711.32148065987,763,18,3.2698216194339778,0
30,1,1,1,0,1,1,0,1,0,3,73046.1230322046,749,45,9.603269199658396,0
30,1,4,1,0,1,1,0,1,1,3,27373.297791658537,630,19,9.309695574429366,1
21,0,1,1,0,1,0,0,1,0,1,69605.2100281185,552,41,5.115849489035383,0
18,0,2,0,1,0,0,0,0,1,4,38897.84649039101,584,40,8.615744795389361,1
34,1,2,1,0,1,1,0,1,0,3,76455.65561668004,573,41,5.070911298708665,0
25,1,1,0,0,0,1,1,0,0,1,40746.97976162048,319,28,4.819501162652593,0
19,1,3,1,0,0,1,0,1,0,1,73855.3806369772,538,5,2.410866528393652,0
45,0,1,1,1,0,1,1,0,0,2,82116.66132589425,569,16,4.837654508427756,0
25,0,2,0,0,1,0,0,0,1,1,77228.7305126561,717,24,5.836752447398263,0
24,0,4,1,1,0,0,0,0,1,1,65026.33296476205,609,37,1.2025389468581782,0
43,0,2,1,1,0,1,0,1,1,2,55373.98114140601,330,3,4.997017046578658,0
43,1,4,0,0,1,0,1,0,0,2,48471.60847330312,403,29,8.032205965556802,1
19,1,1,1,0,1,1,1,0,0,1,89420.69381634207,485,19,7.120414507368428,0
39,1,2,1,0,0,1,1,0,1,2,46010.09559664714,427,2,6.716412899775415,1
39,0,1,1,1,0,0,1,0,1,2,39258.67852860008,509,22,9.185998855934823,1
20,0,3,0,0,0,1,1,0,1,1,73307.3787006566,713,50,1.16228808842707,0
44,0,4,0,0,1,1,0,1,0,2,44077.263936270094,580,17,6.013428275730107,1
35,1,1,0,0,1,0,1,0,1,3,40998.730050677455,552,25,8.086139635687363,1
29,1,2,0,0,1,1,1,0,0,3,31127.914756604703,318,35,5.872018444311405,0
18,0,1,1,0,1,1,0,1,0,4,50341.80321078964,435,7,3.915059973223413,0
39,1,2,1,0,0,1,0,0,1,2,58345.699522070136,522,16,2.226255085827801,0
29,0,2,0,1,0,0,0,1,1,3,64861.83455321398,302,30,8.988067646345723,0
22,0,4,1,0,1,1,1,0,1,1,79026.12488598967,535,36,5.236861531488427,0
44,1,2,1,0,0,1,0,0,1,2,70537.95847331587,764,44,8.903036772871314,0
42,0,1,1,1,0,0,1,0,0,2,56182.5556089364,527,32,6.272669101898515,0
34,1,1,1,0,1,0,0,1,1,3,56036.0864724056,798,26,7.067729049535007,0
33,0,1,0,0,1,0,0,0,1,3,70203.14937830367,820,44,8.238350389406051,0
32,1,1,1,1,0,1,0,1,1,3,85451.40325857139,438,3,6.932399901401209,0
40,1,1,1,0,0,1,1,0,1,2,62526.28398966401,575,21,4.58249356611044,0
32,1,3,1,1,0,0,1,0,0,3,50617.38291579182,590,25,5.622700455357859,0
22,0,2,0,0,1,1,0,1,1,1,40142.67997828909,352,31,8.227409722082918,1
38,0,2,1,0,1,0,0,0,1,2,31095.89471175549,409,23,4.362852667356858,0
31,1,1,1,1,0,0,1,0,1,3,73325.39344087047,303,45,4.493093110916474,1
19,1,3,0,0,0,1,1,0,1,1,71559.57047279115,346,34,1.8612110445220105,0
28,0,3,0,1,0,1,0,0,1,3,71547.27050213324,393,36,9.231259916995729,1
36,0,1,1,0,1,0,0,0,1,2,57426.81107295888,512,31,1.8193268345089757,0
24,0,3,1,1,0,0,0,1,1,1,88138.69491783502,735,6,6.833882597037003,0
23,1,2,1,1,0,0,0,1,0,1,50317.630108303645,807,32,4.718750309225179,0
45,0,1,1,1,0,0,1,0,1,2,79105.3847441441,504,30,4.650574512298981,1
19,0,2,1,0,0,1,0,1,1,1,59225.14210020914,680,11,7.115966529154155,0
23,1,2,1,0,0,1,0,0,1,1,47832.98470641325,372,10,1.6038435936689086,0
35,0,1,1,0,0,1,0,1,1,3,71850.60614635523,815,23,6.343352046562911,0
19,0,4,1,0,1,1,0,0,1,1,68192.72237367988,375,7,7.948286073751193,0
35,0,3,0,1,0,0,1,0,0,3,67139.45518533852,376,31,8.453914820979348,0
32,1,2,0,0,1,0,0,0,1,3,61625.56844112398,709,37,2.5347735045439777,1
44,1,2,0,0,0,1,0,0,1,2,59242.13836566338,405,21,9.076771450703562,0
36,1,2,1,0,0,1,0,0,1,2,107767.43985740875,850,33,6.90531482662698,0
19,1,2,1,1,0,0,0,1,0,1,83685.13290392346,775,18,8.936693207386146,0
37,1,2,0,0,0,1,0,0,1,2,74456.53789971024,574,19,5.367526453991784,0
42,1,1,1,0,1,1,1,0,1,2,62235.983164067766,387,13,5.8783001058748185,0
23,1,2,1,0,1,1,1,0,1,1,80143.14401193339,376,32,9.27134449325804,1
18,0,3,1,0,0,1,0,1,1,4,70359.89552782904,376,9,9.099185890192048,0
41,0,2,0,1,0,0,0,1,0,2,60524.09505548071,741,15,5.033447860321018,0
32,1,1,0,1,0,0,0,1,1,3,53928.7134946817,839,3,3.469713684721136,0
45,0,3,1,1,0,0,1,0,1,2,58381.65324674624,544,26,4.538533911078377,0
40,0,1,1,1,0,1,1,0,1,2,25000.0,681,27,4.489878956767748,1
27,1,1,0,0,0,1,1,0,0,3,64212.01678595284,441,42,3.5818018748451457,0
36,0,1,1,1,0,0,0,0,1,2,50230.4783977928,667,15,3.4172164389966992,0
34,0,1,0,0,1,1,1,0,1,3,91853.39996565768,383,32,8.749566428317475,1
22,0,3,0,0,1,0,0,1,1,1,60386.88141623508,442,47,1.6287572861619553,0
21,0,2,0,0,1,0,0,1,1,1,36220.73160930076,651,18,7.098500638896347,0
27,0,1,1,1,0,0,0,0,1,3,59002.39691743765,844,20,2.5553804631080705,0
41,1,3,1,0,1,0,0,0,1,2,39077.57829874991,451,21,4.100553040546569,0
34,1,3,1,0,1,0,1,0,0,3,69468.14831424932,457,8,1.5538873072135315,0
27,1,3,0,1,0,1,0,1,0,3,65818.94728678971,745,8,3.4297627316991584,0
34,0,1,0,0,1,1,0,1,1,3,79156.79262216535,602,8,7.915789640055179,0
45,1,2,1,0,1,1,0,0,1,2,44182.36416610869,749,26,8.965137920925327,0
37,0,4,1,1,0,1,0,1,1,2,60680.16192456293,523,16,2.9937443671213035,0
41,0,3,0,1,0,1,0,0,1,2,32699.56409146729,342,43,5.171930553330297,0
22,0,1,0,0,1,0,1,0,1,1,74029.89563849429,563,44,5.232916431434857,0
